Order ID,Order Date,Customer ID,Product ID,Product Name,Category,Sales,Quantity,City
CA-2016-152156,11/8/2016,CG-12520,FUR-BO-10001798,Bush Somerset Collection Bookcase,Furniture,261.96,2.0,Henderson
CA-2016-152156,11/8/2016,CG-12520,FUR-CH-10000454,"Hon Deluxe Fabric Upholstered Stacking Chairs, Rounded Back",Furniture,731.94,3.0,Henderson
CA-2016-138688,6/12/2016,DV-13045,OFF-LA-10000240,Self-Adhesive Address Labels for Typewriters by Universal,Office Supplies,14.62,2.0,Los Angeles
US-2015-108966,10/11/2015,SO-20335,FUR-TA-10000577,Bretford CR4500 Series Slim Rectangular Table,Furniture,957.5775,5.0,Fort Lauderdale
US-2015-108966,10/11/2015,SO-20335,OFF-ST-10000760,Eldon Fold 'N Roll Cart System,Office Supplies,22.368,2.0,Fort Lauderdale
CA-2014-115812,6/9/2014,BH-11710,FUR-FU-10001487,"Eldon Expressions Wood and Plastic Desk Accessories, Cherry Wood",Furniture,48.86,7.0,Los Angeles
CA-2014-115812,6/9/2014,BH-11710,OFF-AR-10002833,Newell 322,Office Supplies,7.28,4.0,Los Angeles
CA-2014-115812,6/9/2014,BH-11710,TEC-PH-10002275,Mitel 5320 IP Phone VoIP phone,Technology,907.152,6.0,Los Angeles
CA-2014-115812,6/9/2014,BH-11710,OFF-BI-10003910,DXL Angle-View Binders with Locking Rings by Samsill,Office Supplies,18.504,3.0,Los Angeles
CA-2014-115812,6/9/2014,BH-11710,OFF-AP-10002892,Belkin F5C206VTEL 6 Outlet Surge,Office Supplies,114.9,5.0,Los Angeles
CA-2014-115812,6/9/2014,BH-11710,FUR-TA-10001539,Chromcraft Rectangular Conference Tables,Furniture,1706.184,9.0,Los Angeles
CA-2014-115812,6/9/2014,BH-11710,TEC-PH-10002033,Konftel 250 Conference phone - Charcoal black,Technology,911.424,4.0,Los Angeles
CA-2017-114412,4/15/2017,AA-10480,OFF-PA-10002365,Xerox 1967,Office Supplies,15.552,3.0,Concord
CA-2016-161389,12/5/2016,IM-15070,OFF-BI-10003656,Fellowes PB200 Plastic Comb Binding Machine,Office Supplies,407.976,3.0,Seattle
US-2015-118983,11/22/2015,HP-14815,OFF-AP-10002311,"Holmes Replacement Filter for HEPA Air Cleaner, Very Large Room, HEPA Filter",Office Supplies,68.81,5.0,Fort Worth
US-2015-118983,11/22/2015,HP-14815,OFF-BI-10000756,Storex DuraTech Recycled Plastic Frosted Binders,Office Supplies,2.544,3.0,Fort Worth
CA-2014-105893,11/11/2014,PK-19075,OFF-ST-10004186,"Stur-D-Stor Shelving, Vertical 5-Shelf: 72""H x 36""W x 18 1/2""D",Office Supplies,665.88,6.0,Madison
CA-2014-167164,5/13/2014,AG-10270,OFF-ST-10000107,Fellowes Super Stor/Drawer,Office Supplies,55.5,2.0,West Jordan
CA-2014-143336,8/27/2014,ZD-21925,OFF-AR-10003056,Newell 341,Office Supplies,8.56,2.0,San Francisco
CA-2014-143336,8/27/2014,ZD-21925,TEC-PH-10001949,Cisco SPA 501G IP Phone,Technology,213.48,3.0,San Francisco
CA-2014-143336,8/27/2014,ZD-21925,OFF-BI-10002215,"Wilson Jones Hanging View Binder, White, 1""",Office Supplies,22.72,4.0,San Francisco
CA-2016-137330,12/9/2016,KB-16585,OFF-AR-10000246,Newell 318,Office Supplies,19.46,7.0,Fremont
CA-2016-137330,12/9/2016,KB-16585,OFF-AP-10001492,"Acco Six-Outlet Power Strip, 4' Cord Length",Office Supplies,60.34,7.0,Fremont
US-2017-156909,7/16/2017,SF-20065,FUR-CH-10002774,"Global Deluxe Stacking Chair, Gray",Furniture,71.372,2.0,Philadelphia
CA-2015-106320,9/25/2015,EB-13870,FUR-TA-10000577,Bretford CR4500 Series Slim Rectangular Table,Furniture,1044.63,3.0,Orem
CA-2016-121755,1/16/2016,EH-13945,OFF-BI-10001634,Wilson Jones Active Use Binders,Office Supplies,11.648,2.0,Los Angeles
CA-2016-121755,1/16/2016,EH-13945,TEC-AC-10003027,Imation 8GB Mini TravelDrive USB 2.0 Flash Drive,Technology,90.57,3.0,Los Angeles
US-2015-150630,9/17/2015,TB-21520,FUR-BO-10004834,"Riverside Palais Royal Lawyers Bookcase, Royale Cherry Finish",Furniture,3083.43,7.0,Philadelphia
US-2015-150630,9/17/2015,TB-21520,OFF-BI-10000474,Avery Recycled Flexi-View Covers for Binding Systems,Office Supplies,9.618,2.0,Philadelphia
US-2015-150630,9/17/2015,TB-21520,FUR-FU-10004848,"Howard Miller 13-3/4"" Diameter Brushed Chrome Round Wall Clock",Furniture,124.2,3.0,Philadelphia
US-2015-150630,9/17/2015,TB-21520,OFF-EN-10001509,Poly String Tie Envelopes,Office Supplies,3.264,2.0,Philadelphia
US-2015-150630,9/17/2015,TB-21520,OFF-AR-10004042,"BOSTON Model 1800 Electric Pencil Sharpeners, Putty/Woodgrain",Office Supplies,86.304,6.0,Philadelphia
US-2015-150630,9/17/2015,TB-21520,OFF-BI-10001525,"Acco Pressboard Covers with Storage Hooks, 14 7/8"" x 11"", Executive Red",Office Supplies,6.858,6.0,Philadelphia
US-2015-150630,9/17/2015,TB-21520,OFF-AR-10001683,Lumber Crayons,Office Supplies,15.76,2.0,Philadelphia
CA-2017-107727,10/19/2017,MA-17560,OFF-PA-10000249,Easy-staple paper,Office Supplies,29.472,3.0,Houston
CA-2016-117590,12/8/2016,GH-14485,TEC-PH-10004977,GE 30524EE4,Technology,1097.544,7.0,Richardson
CA-2016-117590,12/8/2016,GH-14485,FUR-FU-10003664,"Electrix Architect's Clamp-On Swing Arm Lamp, Black",Furniture,190.92,5.0,Richardson
CA-2015-117415,12/27/2015,SN-20710,OFF-EN-10002986,"#10-4 1/8"" x 9 1/2"" Premium Diagonal Seam Envelopes",Office Supplies,113.328,9.0,Houston
CA-2015-117415,12/27/2015,SN-20710,FUR-BO-10002545,"Atlantic Metals Mobile 3-Shelf Bookcases, Custom Colors",Furniture,532.3992,3.0,Houston
CA-2015-117415,12/27/2015,SN-20710,FUR-CH-10004218,"Global Fabric Manager's Chair, Dark Gray",Furniture,212.058,3.0,Houston
CA-2015-117415,12/27/2015,SN-20710,TEC-PH-10000486,Plantronics HL10 Handset Lifter,Technology,371.168,4.0,Houston
CA-2017-120999,9/10/2017,LC-16930,TEC-PH-10004093,Panasonic Kx-TS550,Technology,147.168,4.0,Naperville
CA-2016-101343,7/17/2016,RA-19885,OFF-ST-10003479,"Eldon Base for stackable storage shelf, platinum",Office Supplies,77.88,2.0,Los Angeles
CA-2017-139619,9/19/2017,ES-14080,OFF-ST-10003282,"Advantus 10-Drawer Portable Organizer, Chrome Metal Frame, Smoke Drawers",Office Supplies,95.616,2.0,Melbourne
CA-2016-118255,3/11/2016,ON-18715,TEC-AC-10000171,"Verbatim 25 GB 6x Blu-ray Single Layer Recordable Disc, 25/Pack",Technology,45.98,2.0,Eagan
CA-2016-118255,3/11/2016,ON-18715,OFF-BI-10003291,Wilson Jones Leather-Like Binders with DublLock Round Rings,Office Supplies,17.46,2.0,Eagan
CA-2014-146703,10/20/2014,PO-18865,OFF-ST-10001713,"Gould Plastics 9-Pocket Panel Bin, 18-3/8w x 5-1/4d x 20-1/2h, Black",Office Supplies,211.96,4.0,Westland
CA-2016-169194,6/20/2016,LH-16900,TEC-AC-10002167,Imation 8gb Micro Traveldrive Usb 2.0 Flash Drive,Technology,45.0,3.0,Dover
CA-2016-169194,6/20/2016,LH-16900,TEC-PH-10003988,"LF Elite 3D Dazzle Designer Hard Case Cover, Lf Stylus Pen and Wiper For Apple Iphone 5c Mini Lite",Technology,21.8,2.0,Dover
CA-2015-115742,4/18/2015,DP-13000,OFF-BI-10004410,"C-Line Peel & Stick Add-On Filing Pockets, 8-3/4 x 5-1/8, 10/Pack",Office Supplies,38.22,6.0,New Albany
CA-2015-115742,4/18/2015,DP-13000,OFF-LA-10002762,Avery 485,Office Supplies,75.18,6.0,New Albany
CA-2015-115742,4/18/2015,DP-13000,FUR-FU-10001706,Longer-Life Soft White Bulbs,Furniture,6.16,2.0,New Albany
CA-2015-115742,4/18/2015,DP-13000,FUR-CH-10003061,"Global Leather Task Chair, Black",Furniture,89.99,1.0,New Albany
CA-2016-105816,12/11/2016,JM-15265,OFF-FA-10000304,Advantus Push Pins,Office Supplies,15.26,7.0,New York City
CA-2016-105816,12/11/2016,JM-15265,TEC-PH-10002447,AT&T CL83451 4-Handset Telephone,Technology,1029.95,5.0,New York City
CA-2016-111682,6/17/2016,TB-21055,OFF-ST-10000604,Home/Office Personal File Carts,Office Supplies,208.56,6.0,Troy
CA-2016-111682,6/17/2016,TB-21055,OFF-PA-10001569,Xerox 232,Office Supplies,32.4,5.0,Troy
CA-2016-111682,6/17/2016,TB-21055,FUR-CH-10003968,Novimex Turbo Task Chair,Furniture,319.41,5.0,Troy
CA-2016-111682,6/17/2016,TB-21055,OFF-PA-10000587,"Array Parchment Paper, Assorted Colors",Office Supplies,14.56,2.0,Troy
CA-2016-111682,6/17/2016,TB-21055,TEC-AC-10002167,Imation 8gb Micro Traveldrive Usb 2.0 Flash Drive,Technology,30.0,2.0,Troy
CA-2016-111682,6/17/2016,TB-21055,OFF-BI-10001460,Plastic Binding Combs,Office Supplies,48.48,4.0,Troy
CA-2016-111682,6/17/2016,TB-21055,OFF-AR-10001868,Prang Dustless Chalk Sticks,Office Supplies,1.68,1.0,Troy
CA-2015-135545,11/24/2015,KM-16720,TEC-AC-10004633,"Verbatim 25 GB 6x Blu-ray Single Layer Recordable Disc, 3/Pack",Technology,13.98,2.0,Los Angeles
CA-2015-135545,11/24/2015,KM-16720,OFF-BI-10001078,"Acco PRESSTEX Data Binder with Storage Hooks, Dark Blue, 14 7/8"" X 11""",Office Supplies,25.824,6.0,Los Angeles
CA-2015-135545,11/24/2015,KM-16720,OFF-PA-10003892,Xerox 1943,Office Supplies,146.73,3.0,Los Angeles
CA-2015-135545,11/24/2015,KM-16720,FUR-FU-10000397,Luxo Economy Swing Arm Lamp,Furniture,79.76,4.0,Los Angeles
US-2015-164175,4/30/2015,PS-18970,FUR-CH-10001146,"Global Value Mid-Back Manager's Chair, Gray",Furniture,213.115,5.0,Chicago
CA-2014-106376,12/5/2014,BS-11590,OFF-AR-10002671,"Hunt BOSTON Model 1606 High-Volume Electric Pencil Sharpener, Beige",Office Supplies,1113.024,8.0,Gilbert
CA-2014-106376,12/5/2014,BS-11590,TEC-PH-10002726,netTALK DUO VoIP Telephone Service,Technology,167.968,4.0,Gilbert
CA-2016-119823,6/4/2016,KD-16270,OFF-PA-10000482,"Snap-A-Way Black Print Carbonless Ruled Speed Letter, Triplicate",Office Supplies,75.88,2.0,Springfield
CA-2016-106075,9/18/2016,HM-14980,OFF-BI-10004654,Avery Binding System Hidden Tab Executive Style Index Sets,Office Supplies,4.616,1.0,New York City
CA-2017-114440,9/14/2017,TB-21520,OFF-PA-10004675,"Telephone Message Books with Fax/Mobile Section, 5 1/2"" x 3 3/16""",Office Supplies,19.05,3.0,Jackson
US-2015-134026,4/26/2015,JE-15745,FUR-CH-10000513,High-Back Leather Manager's Chair,Furniture,831.936,8.0,Memphis
US-2015-134026,4/26/2015,JE-15745,FUR-FU-10003708,"Tenex Traditional Chairmats for Medium Pile Carpet, Standard Lip, 36"" x 48""",Furniture,97.04,2.0,Memphis
US-2015-134026,4/26/2015,JE-15745,OFF-ST-10004123,Safco Industrial Wire Shelving System,Office Supplies,72.784,1.0,Memphis
US-2017-118038,12/9/2017,KB-16600,OFF-BI-10004182,Economy Binders,Office Supplies,1.248,3.0,Houston
US-2017-118038,12/9/2017,KB-16600,FUR-FU-10000260,"6"" Cubicle Wall Clock, Black",Furniture,9.708,3.0,Houston
US-2017-118038,12/9/2017,KB-16600,OFF-ST-10000615,"SimpliFile Personal File, Black Granite, 15w x 6-15/16d x 11-1/4h",Office Supplies,27.24,3.0,Houston
US-2014-147606,11/26/2014,JE-15745,FUR-FU-10003194,"Eldon Expressions Desk Accessory, Wood Pencil Holder, Oak",Furniture,19.3,5.0,Houston
CA-2016-127208,6/12/2016,SC-20770,OFF-AP-10002118,"1.7 Cubic Foot Compact ""Cube"" Office Refrigerators",Office Supplies,208.16,1.0,Decatur
CA-2016-127208,6/12/2016,SC-20770,OFF-BI-10002309,Avery Heavy-Duty EZD  Binder With Locking Rings,Office Supplies,16.74,3.0,Decatur
CA-2014-139451,10/12/2014,DN-13690,OFF-AR-10002053,"Premium Writing Pencils, Soft, #2 by Central Association for the Blind",Office Supplies,14.9,5.0,San Francisco
CA-2014-139451,10/12/2014,DN-13690,OFF-ST-10002370,"Sortfiler Multipurpose Personal File Organizer, Black",Office Supplies,21.39,1.0,San Francisco
CA-2015-149734,9/3/2015,JC-16105,OFF-EN-10000927,Jet-Pak Recycled Peel 'N' Seal Padded Mailers,Office Supplies,200.984,7.0,Durham
US-2017-119662,11/13/2017,CS-12400,OFF-ST-10003656,Safco Industrial Wire Shelving,Office Supplies,230.376,3.0,Chicago
CA-2017-140088,5/28/2017,PO-18865,FUR-CH-10000863,Novimex Swivel Fabric Task Chair,Furniture,301.96,2.0,Columbia
CA-2017-155558,10/26/2017,PG-18895,TEC-AC-10001998,Logitech LS21 Speaker System - PC Multimedia - 2.1-CH - Wired,Technology,19.99,1.0,Rochester
CA-2017-155558,10/26/2017,PG-18895,OFF-LA-10000134,Avery 511,Office Supplies,6.16,2.0,Rochester
CA-2016-159695,4/5/2016,GM-14455,OFF-ST-10003442,Eldon Portable Mobile Manager,Office Supplies,158.368,7.0,Houston
CA-2016-109806,9/17/2016,JS-15685,OFF-AR-10004930,Turquoise Lead Holder with Pocket Clip,Office Supplies,20.1,3.0,Los Angeles
CA-2016-109806,9/17/2016,JS-15685,TEC-PH-10004093,Panasonic Kx-TS550,Technology,73.584,2.0,Los Angeles
CA-2016-109806,9/17/2016,JS-15685,OFF-PA-10000304,Xerox 1995,Office Supplies,6.48,1.0,Los Angeles
CA-2015-149587,1/31/2015,KB-16315,OFF-PA-10003177,Xerox 1999,Office Supplies,12.96,2.0,Minneapolis
CA-2015-149587,1/31/2015,KB-16315,FUR-FU-10003799,"Seth Thomas 13 1/2"" Wall Clock",Furniture,53.34,3.0,Minneapolis
CA-2015-149587,1/31/2015,KB-16315,OFF-BI-10002852,Ibico Standard Transparent Covers,Office Supplies,32.96,2.0,Minneapolis
US-2017-109484,11/6/2017,RB-19705,OFF-BI-10004738,Flexible Leather- Look Classic Collection Ring Binder,Office Supplies,5.682,1.0,Portland
CA-2017-161018,11/9/2017,PN-18775,FUR-FU-10000629,9-3/4 Diameter Round Wall Clock,Furniture,96.53,7.0,New York City
CA-2017-157833,6/17/2017,KD-16345,OFF-BI-10001721,Trimflex Flexible Post Binders,Office Supplies,51.312,3.0,San Francisco
CA-2016-149223,9/6/2016,ER-13855,OFF-AP-10000358,Fellowes Basic Home/Office Series Surge Protectors,Office Supplies,77.88,6.0,Saint Paul
CA-2016-158568,8/29/2016,RB-19465,OFF-PA-10003256,Avery Personal Creations Heavyweight Cards,Office Supplies,64.624,7.0,Chicago
CA-2016-158568,8/29/2016,RB-19465,TEC-AC-10001767,SanDisk Ultra 64 GB MicroSDHC Class 10 Memory Card,Technology,95.976,3.0,Chicago
CA-2016-158568,8/29/2016,RB-19465,OFF-BI-10002609,Avery Hidden Tab Dividers for Binding Systems,Office Supplies,1.788,3.0,Chicago
CA-2016-129903,12/1/2016,GZ-14470,OFF-PA-10004040,Universal Premium White Copier/Laser Paper (20Lb. and 87 Bright),Office Supplies,23.92,4.0,Rochester
US-2015-156867,11/13/2015,LC-16870,TEC-AC-10001552,Logitech K350 2.4Ghz Wireless Keyboard,Technology,238.896,6.0,Aurora
US-2015-156867,11/13/2015,LC-16870,FUR-FU-10004006,"Deflect-o DuraMat Lighweight, Studded, Beveled Mat for Low Pile Carpeting",Furniture,102.36,3.0,Aurora
US-2015-156867,11/13/2015,LC-16870,OFF-BI-10002794,"Avery Trapezoid Ring Binder, 3"" Capacity, Black, 1040 sheets",Office Supplies,36.882,3.0,Aurora
CA-2017-119004,11/23/2017,JM-15250,TEC-AC-10003499,Memorex Mini Travel Drive 8 GB USB 2.0 Flash Drive,Technology,74.112,8.0,Charlotte
CA-2017-119004,11/23/2017,JM-15250,TEC-PH-10002844,Speck Products Candyshell Flip Case,Technology,27.992,1.0,Charlotte
CA-2017-119004,11/23/2017,JM-15250,OFF-AR-10000390,Newell Chalk Holder,Office Supplies,3.304,1.0,Charlotte
CA-2015-129476,10/15/2015,PA-19060,TEC-AC-10000844,Logitech Gaming G510s - Keyboard,Technology,339.96,5.0,Orland Park
CA-2017-146780,12/25/2017,CV-12805,FUR-FU-10001934,Magnifier Swing Arm Lamp,Furniture,41.96,2.0,New York City
CA-2016-128867,11/3/2016,CL-12565,OFF-AR-10000380,"Hunt PowerHouse Electric Pencil Sharpener, Blue",Office Supplies,75.96,2.0,Urbandale
CA-2016-128867,11/3/2016,CL-12565,OFF-BI-10003981,"Avery Durable Plastic 1"" Binders",Office Supplies,27.24,6.0,Urbandale
CA-2014-115259,8/25/2014,RC-19960,OFF-FA-10000621,"OIC Colored Binder Clips, Assorted Sizes",Office Supplies,40.096,14.0,Columbus
CA-2014-115259,8/25/2014,RC-19960,OFF-EN-10002600,"Redi-Strip #10 Envelopes, 4 1/8 x 9 1/2",Office Supplies,4.72,2.0,Columbus
CA-2014-115259,8/25/2014,RC-19960,OFF-PA-10004965,Xerox 1921,Office Supplies,23.976,3.0,Columbus
CA-2014-115259,8/25/2014,RC-19960,OFF-EN-10002504,"Tyvek  Top-Opening Peel & Seel Envelopes, Plain White",Office Supplies,130.464,6.0,Columbus
CA-2015-110457,3/2/2015,DK-13090,FUR-TA-10001768,Hon Racetrack Conference Tables,Furniture,787.53,3.0,Seattle
US-2015-136476,4/5/2015,GG-14650,OFF-BI-10003650,GBC DocuBind 300 Electric Binding Machine,Office Supplies,157.794,1.0,Bristol
CA-2016-103730,6/12/2016,SC-20725,FUR-FU-10002157,Artistic Insta-Plaque,Furniture,47.04,3.0,Wilmington
CA-2016-103730,6/12/2016,SC-20725,OFF-BI-10003910,DXL Angle-View Binders with Locking Rings by Samsill,Office Supplies,30.84,4.0,Wilmington
CA-2016-103730,6/12/2016,SC-20725,OFF-ST-10000777,"Companion Letter/Legal File, Black",Office Supplies,226.56,6.0,Wilmington
CA-2016-103730,6/12/2016,SC-20725,OFF-EN-10002500,Globe Weis Peel & Seel First Class Envelopes,Office Supplies,115.02,9.0,Wilmington
CA-2016-103730,6/12/2016,SC-20725,TEC-PH-10003875,KLD Oscar II Style Snap-on Ultra Thin Side Flip Synthetic Leather Cover Case for HTC One HTC M7,Technology,68.04,7.0,Wilmington
US-2014-152030,12/26/2014,AD-10180,FUR-CH-10004063,Global Deluxe High-Back Manager's Chair,Furniture,600.558,3.0,Houston
US-2014-134614,9/20/2014,PF-19165,FUR-TA-10004534,Bevis 44 x 96 Conference Tables,Furniture,617.7,6.0,Bloomington
US-2017-107272,11/5/2017,TS-21610,OFF-BI-10003274,"Avery Durable Slant Ring Binders, No Labels",Office Supplies,2.388,2.0,Phoenix
US-2017-107272,11/5/2017,TS-21610,OFF-ST-10002974,"Trav-L-File Heavy-Duty Shuttle II, Black",Office Supplies,243.992,7.0,Phoenix
US-2016-125969,11/6/2016,LS-16975,FUR-CH-10001146,"Global Task Chair, Black",Furniture,81.424,2.0,Los Angeles
US-2016-125969,11/6/2016,LS-16975,FUR-FU-10003773,Eldon Cleatmat Plus Chair Mats for High Pile Carpets,Furniture,238.56,3.0,Los Angeles
US-2017-164147,2/2/2017,DW-13585,TEC-PH-10002293,Anker 36W 4-Port USB Wall Charger Travel Power Adapter for iPhone 5s 5c 5,Technology,59.97,5.0,Columbus
US-2017-164147,2/2/2017,DW-13585,OFF-PA-10002377,Xerox 1916,Office Supplies,78.304,2.0,Columbus
US-2017-164147,2/2/2017,DW-13585,OFF-FA-10002780,Staples,Office Supplies,21.456,9.0,Columbus
CA-2016-145583,10/13/2016,LC-16885,OFF-PA-10001804,Xerox 195,Office Supplies,20.04,3.0,Roseville
CA-2016-145583,10/13/2016,LC-16885,OFF-PA-10001736,Xerox 1880,Office Supplies,35.44,1.0,Roseville
CA-2016-145583,10/13/2016,LC-16885,OFF-AR-10001149,"Sanford Colorific Colored Pencils, 12/Box",Office Supplies,11.52,4.0,Roseville
CA-2016-145583,10/13/2016,LC-16885,OFF-FA-10002988,Ideal Clamps,Office Supplies,4.02,2.0,Roseville
CA-2016-145583,10/13/2016,LC-16885,OFF-BI-10004781,GBC Wire Binding Strips,Office Supplies,76.176,3.0,Roseville
CA-2016-145583,10/13/2016,LC-16885,OFF-SU-10001218,Fiskars Softgrip Scissors,Office Supplies,65.88,6.0,Roseville
CA-2016-145583,10/13/2016,LC-16885,FUR-FU-10001706,Longer-Life Soft White Bulbs,Furniture,43.12,14.0,Roseville
CA-2016-110366,9/5/2016,JD-15895,FUR-FU-10004848,"Howard Miller 13-3/4"" Diameter Brushed Chrome Round Wall Clock",Furniture,82.8,2.0,Philadelphia
CA-2017-106180,9/18/2017,SH-19975,OFF-AR-10000940,Newell 343,Office Supplies,8.82,3.0,San Francisco
CA-2017-106180,9/18/2017,SH-19975,OFF-EN-10004030,Convenience Packs of Business Envelopes,Office Supplies,10.86,3.0,San Francisco
CA-2017-106180,9/18/2017,SH-19975,OFF-PA-10004327,Xerox 1911,Office Supplies,143.7,3.0,San Francisco
CA-2017-155376,12/22/2017,SG-20080,OFF-AP-10001058,Sanyo 2.5 Cubic Foot Mid-Size Office Refrigerators,Office Supplies,839.43,3.0,Independence
CA-2015-110744,9/7/2015,HA-14920,OFF-ST-10003656,Safco Industrial Wire Shelving,Office Supplies,671.93,7.0,Pasadena
CA-2014-110072,10/22/2014,MG-17680,FUR-FU-10000521,"Seth Thomas 14"" Putty-Colored Wall Clock",Furniture,93.888,4.0,Newark
CA-2016-114489,12/5/2016,JE-16165,TEC-PH-10000215,Plantronics Cordless Phone Headset with In-line Volume - M214C,Technology,384.45,11.0,Franklin
CA-2016-114489,12/5/2016,JE-16165,TEC-PH-10001448,Anker Astro 15000mAh USB Portable Charger,Technology,149.97,3.0,Franklin
CA-2016-114489,12/5/2016,JE-16165,FUR-CH-10000454,"Hon Deluxe Fabric Upholstered Stacking Chairs, Rounded Back",Furniture,1951.84,8.0,Franklin
CA-2016-114489,12/5/2016,JE-16165,OFF-BI-10002735,GBC Prestige Therm-A-Bind Covers,Office Supplies,171.55,5.0,Franklin
CA-2016-158834,3/13/2016,TW-21025,OFF-AP-10000326,Belkin 7 Outlet SurgeMaster Surge Protector with Phone Protection,Office Supplies,157.92,5.0,Scottsdale
CA-2016-158834,3/13/2016,TW-21025,TEC-PH-10001254,Jabra BIZ 2300 Duo QD Duo Corded Headset,Technology,203.184,2.0,Scottsdale
CA-2015-124919,5/31/2015,SP-20650,OFF-PA-10001950,Southworth 25% Cotton Antique Laid Paper & Envelopes,Office Supplies,58.38,7.0,San Jose
CA-2015-124919,5/31/2015,SP-20650,OFF-PA-10002254,Xerox 1883,Office Supplies,105.52,4.0,San Jose
CA-2015-124919,5/31/2015,SP-20650,OFF-ST-10001590,"Tenex Personal Project File with Scoop Front Design, Black",Office Supplies,80.88,6.0,San Jose
CA-2015-118948,5/28/2015,NK-18490,OFF-AR-10001547,Newell 311,Office Supplies,6.63,3.0,Seattle
CA-2014-104269,3/1/2014,DB-13060,FUR-CH-10004063,Global Deluxe High-Back Manager's Chair,Furniture,457.568,2.0,Seattle
CA-2016-114104,11/20/2016,NP-18670,OFF-LA-10002475,Avery 519,Office Supplies,14.62,2.0,Edmond
CA-2016-114104,11/20/2016,NP-18670,TEC-PH-10004536,Avaya 5420 Digital phone,Technology,944.93,7.0,Edmond
CA-2016-162733,5/11/2016,TT-21070,OFF-PA-10002751,Xerox 1920,Office Supplies,5.98,1.0,Los Angeles
CA-2015-119697,12/28/2015,EM-13960,TEC-AC-10003657,Lenovo 17-Key USB Numeric Keypad,Technology,54.384,2.0,Philadelphia
CA-2016-154508,11/16/2016,RD-19900,OFF-EN-10001990,Staple envelope,Office Supplies,28.4,5.0,Carlsbad
CA-2016-113817,11/7/2016,MJ-17740,OFF-BI-10004002,Wilson Jones International Size A4 Ring Binders,Office Supplies,27.68,2.0,Seattle
CA-2014-139892,9/8/2014,BM-11140,OFF-AR-10004441,BIC Brite Liner Highlighters,Office Supplies,9.936,3.0,San Antonio
CA-2014-139892,9/8/2014,BM-11140,TEC-MA-10000822,Lexmark MX611dhe Monochrome Laser Printer,Technology,8159.952,8.0,San Antonio
CA-2014-139892,9/8/2014,BM-11140,OFF-ST-10000991,Space Solutions HD Industrial Steel Shelving.,Office Supplies,275.928,3.0,San Antonio
CA-2014-139892,9/8/2014,BM-11140,FUR-CH-10004287,SAFCO Arco Folding Chair,Furniture,1740.06,9.0,San Antonio
CA-2014-139892,9/8/2014,BM-11140,OFF-AR-10002656,Sanford Liquid Accent Highlighters,Office Supplies,32.064,6.0,San Antonio
CA-2014-139892,9/8/2014,BM-11140,OFF-AP-10002518,Kensington 7 Outlet MasterPiece Power Center,Office Supplies,177.98,5.0,San Antonio
CA-2014-139892,9/8/2014,BM-11140,TEC-PH-10003931,JBL Micro Wireless Portable Bluetooth Speaker,Technology,143.976,3.0,San Antonio
CA-2014-118962,8/5/2014,CS-12130,OFF-PA-10000659,"Adams Phone Message Book, Professional, 400 Message Capacity, 5 3/6 x 11",Office Supplies,20.94,3.0,Los Angeles
CA-2014-118962,8/5/2014,CS-12130,OFF-PA-10001144,Xerox 1913,Office Supplies,110.96,2.0,Los Angeles
CA-2014-118962,8/5/2014,CS-12130,FUR-CH-10003817,"Global Value Steno Chair, Gray",Furniture,340.144,7.0,Los Angeles
US-2014-100853,9/14/2014,JB-15400,OFF-AP-10000891,Kensington 7 Outlet MasterPiece HOMEOFFICE Power Control Center,Office Supplies,52.448,2.0,Chicago
US-2014-100853,9/14/2014,JB-15400,OFF-LA-10003148,Avery 51,Office Supplies,20.16,4.0,Chicago
US-2017-152366,4/21/2017,SJ-20500,OFF-AP-10002684,"Acco 7-Outlet Masterpiece Power Center, Wihtout Fax/Phone Line Protection",Office Supplies,97.264,4.0,Houston
US-2015-101511,11/21/2015,JE-15745,FUR-CH-10004698,"Padded Folding Chairs, Black, 4/Carton",Furniture,396.802,7.0,Newark
US-2015-101511,11/21/2015,JE-15745,OFF-SU-10002189,Acme Rosewood Handle Letter Opener,Office Supplies,15.88,5.0,Newark
CA-2015-137225,12/15/2015,JK-15640,OFF-AR-10001940,"Sanford Colorific Eraseable Coloring Pencils, 12 Count",Office Supplies,3.28,1.0,New York City
CA-2014-166191,12/5/2014,DK-13150,OFF-ST-10003455,"Tenex File Box, Personal Filing Tote with Lid, Black",Office Supplies,24.816,2.0,Decatur
CA-2014-166191,12/5/2014,DK-13150,TEC-AC-10004659,Imation Secure+ Hardware Encrypted USB 2.0 Flash Drive; 16GB,Technology,408.744,7.0,Decatur
CA-2014-158274,11/19/2014,RM-19675,TEC-PH-10003273,AT&T TR1909W,Technology,503.96,4.0,Monroe
CA-2014-158274,11/19/2014,RM-19675,TEC-PH-10004896,Nokia Lumia 521 (T-Mobile),Technology,149.95,5.0,Monroe
CA-2014-158274,11/19/2014,RM-19675,TEC-AC-10002345,HP Standard 104 key PS/2 Keyboard,Technology,29.0,2.0,Monroe
CA-2016-105018,11/28/2016,SK-19990,OFF-BI-10001890,Avery Poly Binder Pockets,Office Supplies,7.16,2.0,Fairfield
CA-2014-123260,8/26/2014,FM-14290,TEC-AC-10002323,SanDisk Ultra 32 GB MicroSDHC Class 10 Memory Card,Technology,176.8,8.0,Los Angeles
CA-2016-157000,7/16/2016,AM-10360,OFF-ST-10001328,"Personal Filing Tote with Lid, Black/Gray",Office Supplies,37.224,3.0,Grand Prairie
CA-2016-157000,7/16/2016,AM-10360,OFF-PA-10001950,Southworth 25% Cotton Antique Laid Paper & Envelopes,Office Supplies,20.016,3.0,Grand Prairie
CA-2015-102281,10/12/2015,MP-17470,FUR-BO-10002613,"Atlantic Metals Mobile 4-Shelf Bookcases, Custom Colors",Furniture,899.136,4.0,New York City
CA-2015-102281,10/12/2015,MP-17470,TEC-PH-10001552,I Need's 3d Hello Kitty Hybrid Silicone Case Cover for HTC One X 4g with 3d Hello Kitty Stylus Pen Green/pink,Technology,71.76,6.0,New York City
CA-2015-102281,10/12/2015,MP-17470,OFF-PA-10000061,Xerox 205,Office Supplies,51.84,8.0,New York City
CA-2015-102281,10/12/2015,MP-17470,FUR-BO-10002545,"Atlantic Metals Mobile 3-Shelf Bookcases, Custom Colors",Furniture,626.352,3.0,New York City
CA-2015-102281,10/12/2015,MP-17470,OFF-AR-10003514,4009 Highlighters by Sanford,Office Supplies,19.9,5.0,New York City
CA-2015-131457,10/31/2015,MZ-17515,OFF-EN-10001509,Poly String Tie Envelopes,Office Supplies,14.28,7.0,Redlands
CA-2014-140004,3/21/2014,CB-12025,OFF-AR-10004685,"Binney & Smith Crayola Metallic Colored Pencils, 8-Color Set",Office Supplies,7.408,2.0,Hamilton
CA-2014-140004,3/21/2014,CB-12025,OFF-AR-10004027,"Binney & Smith inkTank Erasable Desk Highlighter, Chisel Tip, Yellow, 12/Box",Office Supplies,6.048,3.0,Hamilton
CA-2017-107720,11/6/2017,VM-21685,OFF-ST-10001414,Decoflex Hanging Personal Folder File,Office Supplies,46.26,3.0,Westfield
US-2017-124303,7/6/2017,FH-14365,OFF-BI-10000343,"Pressboard Covers with Storage Hooks, 9 1/2"" x 11"", Light Blue",Office Supplies,2.946,2.0,Philadelphia
US-2017-124303,7/6/2017,FH-14365,OFF-PA-10002749,"Wirebound Message Books, 5-1/2 x 4 Forms, 2 or 4 Forms per Page",Office Supplies,16.056,3.0,Philadelphia
CA-2017-105074,6/24/2017,MB-17305,OFF-PA-10002666,Southworth 25% Cotton Linen-Finish Paper & Envelopes,Office Supplies,21.744,3.0,Akron
CA-2014-133690,8/3/2014,BS-11755,FUR-TA-10004289,BoxOffice By Design Rectangular and Half-Moon Meeting Room Tables,Furniture,218.75,2.0,Denver
CA-2014-133690,8/3/2014,BS-11755,OFF-AP-10003622,"Bravo II Megaboss 12-Amp Hard Body Upright, Replacement Belts, 2 Belts per Pack",Office Supplies,2.6,1.0,Denver
US-2017-116701,12/17/2017,LC-17140,OFF-AP-10003217,Eureka Sanitaire  Commercial Upright,Office Supplies,66.284,2.0,Dallas
CA-2017-126382,6/3/2017,HK-14890,FUR-FU-10002960,"Eldon 200 Class Desk Accessories, Burgundy",Furniture,35.168,7.0,Franklin
CA-2017-108329,12/9/2017,LE-16810,TEC-PH-10001918,Nortel Business Series Terminal T7208 Digital phone,Technology,444.768,4.0,Whittier
CA-2017-135860,12/1/2017,JH-15985,OFF-ST-10000642,"Tennsco Lockers, Gray",Office Supplies,83.92,4.0,Saginaw
CA-2017-135860,12/1/2017,JH-15985,TEC-PH-10001700,Panasonic KX-TG6844B Expandable Digital Cordless Telephone,Technology,131.98,2.0,Saginaw
CA-2017-135860,12/1/2017,JH-15985,OFF-BI-10003274,"Avery Durable Slant Ring Binders, No Labels",Office Supplies,15.92,4.0,Saginaw
CA-2017-135860,12/1/2017,JH-15985,OFF-FA-10000134,"Advantus Push Pins, Aluminum Head",Office Supplies,52.29,9.0,Saginaw
CA-2017-135860,12/1/2017,JH-15985,OFF-ST-10001522,"Gould Plastics 18-Pocket Panel Bin, 34w x 5-1/4d x 20-1/2h",Office Supplies,91.99,1.0,Saginaw
CA-2015-101007,2/9/2015,MS-17980,TEC-AC-10001266,Memorex Micro Travel Drive 8 GB,Technology,20.8,2.0,Dallas
CA-2015-146262,1/2/2015,VW-21775,OFF-LA-10004544,Avery 505,Office Supplies,23.68,2.0,Medina
CA-2015-146262,1/2/2015,VW-21775,FUR-BO-10004695,O'Sullivan 2-Door Barrister Bookcase in Odessa Pine,Furniture,452.45,5.0,Medina
CA-2015-146262,1/2/2015,VW-21775,TEC-PH-10002844,Speck Products Candyshell Flip Case,Technology,62.982,3.0,Medina
CA-2015-146262,1/2/2015,VW-21775,TEC-MA-10000864,Cisco 9971 IP Video Phone Charcoal,Technology,1188.0,9.0,Medina
CA-2015-146262,1/2/2015,VW-21775,TEC-AC-10000109,Sony Micro Vault Click 16 GB USB 2.0 Flash Drive,Technology,89.584,2.0,Medina
CA-2016-130162,10/28/2016,JH-15910,OFF-ST-10001328,"Personal Filing Tote with Lid, Black/Gray",Office Supplies,93.06,6.0,Los Angeles
CA-2016-130162,10/28/2016,JH-15910,TEC-PH-10002563,Adtran 1202752G1,Technology,302.376,3.0,Los Angeles
CA-2015-169397,12/24/2015,JB-15925,OFF-FA-10000585,OIC Bulk Pack Metal Binder Clips,Office Supplies,5.584,2.0,Dublin
CA-2015-169397,12/24/2015,JB-15925,OFF-PA-10004000,"While You Were Out Pads, 50 per Pad, 4 x 5 1/4, Green Cycle",Office Supplies,22.704,6.0,Dublin
CA-2015-169397,12/24/2015,JB-15925,OFF-BI-10002852,Ibico Standard Transparent Covers,Office Supplies,19.776,4.0,Dublin
CA-2015-169397,12/24/2015,JB-15925,FUR-FU-10000087,"Executive Impressions 14"" Two-Color Numerals Wall Clock",Furniture,72.704,4.0,Dublin
CA-2015-169397,12/24/2015,JB-15925,TEC-MA-10001148,Swingline SM12-08 MicroCut Jam Free Shredder,Technology,479.988,4.0,Dublin
CA-2015-169397,12/24/2015,JB-15925,OFF-AR-10001958,Stanley Bostitch Contemporary Electric Pencil Sharpeners,Office Supplies,27.168,2.0,Dublin
CA-2015-163055,8/9/2015,DS-13180,OFF-AR-10001026,"Sanford Uni-Blazer View Highlighters, Chisel Tip, Yellow",Office Supplies,2.2,1.0,Detroit
CA-2015-163055,8/9/2015,DS-13180,FUR-TA-10003748,Bevis 36 x 72 Conference Tables,Furniture,622.45,5.0,Detroit
CA-2015-163055,8/9/2015,DS-13180,OFF-ST-10002485,Rogers Deluxe File Chest,Office Supplies,21.98,1.0,Detroit
US-2015-145436,2/28/2015,VD-21670,FUR-CH-10004860,Global Low Back Tilter Chair,Furniture,161.568,2.0,Columbia
US-2015-145436,2/28/2015,VD-21670,FUR-CH-10004477,"Global Push Button Manager's Chair, Indigo",Furniture,389.696,8.0,Columbia
US-2014-156216,9/13/2014,EA-14035,OFF-BI-10001679,GBC Instant Index System for Binding Systems,Office Supplies,18.648,7.0,Charlotte
US-2017-100930,4/7/2017,CS-12400,FUR-TA-10001705,Bush Advantage Collection Round Conference Table,Furniture,233.86,2.0,Tampa
US-2017-100930,4/7/2017,CS-12400,FUR-TA-10003473,Bretford Rectangular Conference Table Tops,Furniture,620.6145,3.0,Tampa
US-2017-100930,4/7/2017,CS-12400,OFF-BI-10001679,GBC Instant Index System for Binding Systems,Office Supplies,5.328,2.0,Tampa
US-2017-100930,4/7/2017,CS-12400,FUR-FU-10004017,"Tenex Contemporary Contur Chairmats for Low and Medium Pile Carpet, Computer, 39"" x 49""",Furniture,258.072,3.0,Tampa
US-2017-100930,4/7/2017,CS-12400,TEC-AC-10003832,Logitech P710e Mobile Speakerphone,Technology,617.976,3.0,Tampa
CA-2017-160514,11/12/2017,DB-13120,OFF-PA-10002479,Xerox 4200 Series MultiUse Premium Copy Paper (20Lb. and 84 Bright),Office Supplies,10.56,2.0,Santa Clara
CA-2016-157749,6/4/2016,KL-16645,OFF-PA-10003349,Xerox 1957,Office Supplies,25.92,5.0,Chicago
CA-2016-157749,6/4/2016,KL-16645,FUR-FU-10000576,Luxo Professional Fluorescent Magnifier Lamp with Clamp-Mount Base,Furniture,419.68,5.0,Chicago
CA-2016-157749,6/4/2016,KL-16645,FUR-FU-10004351,Staple-based wall hangings,Furniture,11.688,3.0,Chicago
CA-2016-157749,6/4/2016,KL-16645,TEC-PH-10000011,PureGear Roll-On Screen Protector,Technology,31.984,2.0,Chicago
CA-2016-157749,6/4/2016,KL-16645,FUR-TA-10002607,KI Conference Tables,Furniture,177.225,5.0,Chicago
CA-2016-157749,6/4/2016,KL-16645,FUR-FU-10002505,Eldon 100 Class Desk Accessories,Furniture,4.044,3.0,Chicago
CA-2016-157749,6/4/2016,KL-16645,OFF-AR-10004685,"Binney & Smith Crayola Metallic Colored Pencils, 8-Color Set",Office Supplies,7.408,2.0,Chicago
CA-2014-131926,6/1/2014,DW-13480,FUR-CH-10004063,Global Deluxe High-Back Manager's Chair,Furniture,2001.86,7.0,Lakeville
CA-2014-131926,6/1/2014,DW-13480,OFF-ST-10002276,Safco Steel Mobile File Cart,Office Supplies,166.72,2.0,Lakeville
CA-2014-131926,6/1/2014,DW-13480,OFF-PA-10004082,"Adams Telephone Message Book w/Frequently-Called Numbers Space, 400 Messages per Book",Office Supplies,47.88,6.0,Lakeville
CA-2014-131926,6/1/2014,DW-13480,OFF-AP-10002945,Honeywell Enviracaire Portable HEPA Air Cleaner for 17' x 22' Room,Office Supplies,1503.25,5.0,Lakeville
CA-2014-131926,6/1/2014,DW-13480,OFF-PA-10000061,Xerox 205,Office Supplies,25.92,4.0,Lakeville
CA-2016-154739,12/10/2016,LH-17155,FUR-CH-10002965,"Global Leather Highback Executive Chair with Pneumatic Height Adjustment, Black",Furniture,321.568,2.0,San Francisco
CA-2016-145625,9/11/2016,KC-16540,OFF-PA-10004569,"Wirebound Message Books, Two 4 1/4"" x 5"" Forms per Page",Office Supplies,7.61,1.0,San Diego
CA-2016-145625,9/11/2016,KC-16540,TEC-AC-10003832,Logitech P710e Mobile Speakerphone,Technology,3347.37,13.0,San Diego
CA-2016-146941,12/10/2016,DL-13315,OFF-ST-10001228,"Fellowes Personal Hanging Folder Files, Navy",Office Supplies,80.58,6.0,New York City
CA-2016-146941,12/10/2016,DL-13315,OFF-EN-10003296,Tyvek Side-Opening Peel & Seel Expanding Envelopes,Office Supplies,361.92,4.0,New York City
US-2015-159982,11/28/2015,DR-12880,FUR-FU-10002505,Eldon 100 Class Desk Accessories,Furniture,12.132,9.0,Chicago
US-2015-159982,11/28/2015,DR-12880,OFF-ST-10004804,"Belkin 19"" Vented Equipment Shelf, Black",Office Supplies,82.368,2.0,Chicago
US-2015-159982,11/28/2015,DR-12880,OFF-ST-10001590,"Tenex Personal Project File with Scoop Front Design, Black",Office Supplies,53.92,5.0,Chicago
US-2015-159982,11/28/2015,DR-12880,TEC-PH-10001580,Logitech Mobile Speakerphone P710e - speaker phone,Technology,647.904,6.0,Chicago
CA-2017-163139,12/1/2017,CC-12670,TEC-AC-10000290,Sabrent 4-Port USB 2.0 Hub,Technology,20.37,3.0,New York City
CA-2017-163139,12/1/2017,CC-12670,OFF-ST-10002790,Safco Industrial Shelving,Office Supplies,221.55,3.0,New York City
CA-2017-163139,12/1/2017,CC-12670,OFF-BI-10003460,Acco 3-Hole Punch,Office Supplies,17.52,5.0,New York City
US-2017-155299,6/8/2017,Dl-13600,OFF-AP-10002203,Eureka Disposable Bags for Sanitaire Vibra Groomer I Upright Vac,Office Supplies,1.624,2.0,Pasadena
US-2014-106992,9/19/2014,SB-20290,TEC-MA-10000822,Lexmark MX611dhe Monochrome Laser Printer,Technology,3059.982,3.0,Houston
US-2014-106992,9/19/2014,SB-20290,TEC-MA-10003353,Xerox WorkCentre 6505DN Laser Multifunction Printer,Technology,2519.958,7.0,Houston
CA-2016-125318,6/6/2016,RC-19825,TEC-PH-10001433,Cisco Small Business SPA 502G VoIP phone,Technology,328.224,4.0,Chicago
CA-2015-155040,11/10/2015,AH-10210,TEC-AC-10004469,Microsoft Sculpt Comfort Mouse,Technology,79.9,2.0,Brentwood
CA-2017-136826,6/16/2017,CB-12535,OFF-AR-10003602,"Quartet Omega Colored Chalk, 12/Pack",Office Supplies,14.016,3.0,Chapel Hill
CA-2016-111010,1/22/2016,PG-18895,OFF-FA-10003472,Bagged Rubber Bands,Office Supplies,7.56,6.0,Morristown
US-2017-145366,12/9/2017,CA-12310,OFF-ST-10004180,Safco Commercial Shelving,Office Supplies,37.208,1.0,Cincinnati
US-2017-145366,12/9/2017,CA-12310,OFF-EN-10004386,"Recycled Interoffice Envelopes with String and Button Closure, 10 x 13",Office Supplies,57.576,3.0,Cincinnati
CA-2017-163979,12/28/2017,KH-16690,OFF-ST-10003208,Adjustable Depth Letter/Legal Cart,Office Supplies,725.84,4.0,San Francisco
CA-2015-155334,7/30/2015,HA-14920,TEC-AC-10003628,Logitech 910-002974 M325 Wireless Mouse for Web Scrolling,Technology,209.93,7.0,San Francisco
CA-2015-155334,7/30/2015,HA-14920,FUR-FU-10003274,Regeneration Desk Collection,Furniture,5.28,3.0,San Francisco
CA-2015-155334,7/30/2015,HA-14920,OFF-BI-10002557,Presstex Flexible Ring Binders,Office Supplies,10.92,3.0,San Francisco
CA-2017-118136,9/16/2017,BB-10990,OFF-PA-10002615,"Ampad Gold Fibre Wirebound Steno Books, 6"" x 9"", Gregg Ruled",Office Supplies,8.82,2.0,Inglewood
CA-2017-118136,9/16/2017,BB-10990,OFF-AR-10001427,Newell 330,Office Supplies,5.98,1.0,Inglewood
CA-2017-132976,10/13/2017,AG-10495,OFF-PA-10000673,"Post-it Important Message Note Pad, Neon Colors, 50 Sheets/Pad",Office Supplies,11.648,2.0,Philadelphia
CA-2017-132976,10/13/2017,AG-10495,OFF-PA-10004470,"Adams Write n' Stick Phone Message Book, 11"" X 5 1/4"", 200 Messages",Office Supplies,18.176,4.0,Philadelphia
CA-2017-132976,10/13/2017,AG-10495,OFF-ST-10000876,Eldon Simplefile Box Office,Office Supplies,59.712,6.0,Philadelphia
CA-2017-132976,10/13/2017,AG-10495,OFF-LA-10002043,Avery 489,Office Supplies,24.84,3.0,Philadelphia
US-2015-161991,9/26/2015,SC-20725,OFF-BI-10004967,Round Ring Binders,Office Supplies,2.08,5.0,Houston
US-2015-161991,9/26/2015,SC-20725,TEC-PH-10001760,Bose SoundLink Bluetooth Speaker,Technology,1114.4,7.0,Houston
CA-2015-130890,11/2/2015,JO-15280,FUR-TA-10002903,"Bevis Round Bullnose 29"" High Table Top",Furniture,1038.84,5.0,Los Angeles
CA-2015-130883,9/26/2015,TB-21520,OFF-PA-10000474,Easy-staple paper,Office Supplies,141.76,5.0,Portland
CA-2015-130883,9/26/2015,TB-21520,TEC-AC-10001956,Microsoft Arc Touch Mouse,Technology,239.8,5.0,Portland
CA-2015-130883,9/26/2015,TB-21520,OFF-PA-10004100,Xerox 216,Office Supplies,31.104,6.0,Portland
CA-2016-112697,12/18/2016,AH-10195,OFF-BI-10000778,GBC VeloBinder Electric Binding Machine,Office Supplies,254.058,7.0,Tamarac
CA-2016-112697,12/18/2016,AH-10195,OFF-AP-10002684,"Acco 7-Outlet Masterpiece Power Center, Wihtout Fax/Phone Line Protection",Office Supplies,194.528,2.0,Tamarac
CA-2016-112697,12/18/2016,AH-10195,OFF-SU-10000646,Premier Automatic Letter Opener,Office Supplies,961.48,5.0,Tamarac
CA-2016-110772,11/20/2016,NZ-18565,OFF-FA-10002983,Advantus SlideClip Paper Clips,Office Supplies,19.096,7.0,Columbus
CA-2016-110772,11/20/2016,NZ-18565,OFF-LA-10004689,Avery 512,Office Supplies,18.496,8.0,Columbus
CA-2016-110772,11/20/2016,NZ-18565,TEC-AC-10002001,Logitech Wireless Gaming Headset G930,Technology,255.984,2.0,Columbus
CA-2016-110772,11/20/2016,NZ-18565,FUR-BO-10004709,"Bush Westfield Collection Bookcases, Medium Cherry Finish",Furniture,86.97,3.0,Columbus
CA-2014-111451,12/26/2014,KL-16555,FUR-FU-10004091,"Howard Miller 13"" Diameter Goldtone Round Wall Clock",Furniture,300.416,8.0,Colorado Springs
CA-2014-111451,12/26/2014,KL-16555,FUR-CH-10001891,Global Deluxe Office Fabric Chairs,Furniture,230.352,3.0,Colorado Springs
CA-2014-111451,12/26/2014,KL-16555,FUR-FU-10002918,Eldon ClusterMat Chair Mat with Cordless Antistatic Protection,Furniture,218.352,3.0,Colorado Springs
CA-2014-111451,12/26/2014,KL-16555,OFF-BI-10004593,Ibico Laser Imprintable Binding System Covers,Office Supplies,78.6,5.0,Colorado Springs
CA-2014-111451,12/26/2014,KL-16555,OFF-FA-10004854,"Vinyl Coated Wire Paper Clips in Organizer Box, 800/Box",Office Supplies,27.552,3.0,Colorado Springs
CA-2016-142545,10/28/2016,JD-15895,OFF-PA-10002105,Xerox 223,Office Supplies,32.4,5.0,Belleville
CA-2016-142545,10/28/2016,JD-15895,OFF-ST-10002756,"Tennsco Stur-D-Stor Boltless Shelving, 5 Shelves, 24"" Deep, Sand",Office Supplies,1082.48,8.0,Belleville
CA-2016-142545,10/28/2016,JD-15895,OFF-PA-10004243,Xerox 1939,Office Supplies,56.91,3.0,Belleville
CA-2016-142545,10/28/2016,JD-15895,FUR-FU-10001861,"Floodlight Indoor Halogen Bulbs, 1 Bulb per Pack, 60 Watts",Furniture,77.6,4.0,Belleville
CA-2016-142545,10/28/2016,JD-15895,OFF-BI-10002706,Avery Premier Heavy-Duty Binder with Round Locking Rings,Office Supplies,14.28,1.0,Belleville
US-2017-152380,11/19/2017,JH-15910,FUR-TA-10002533,BPI Conference Tables,Furniture,219.075,3.0,Chicago
CA-2015-144253,5/4/2015,AS-10225,FUR-FU-10002671,Electrix 20W Halogen Replacement Bulb for Zoom-In Desk Lamp,Furniture,26.8,2.0,New York City
CA-2014-130960,12/30/2014,KB-16600,OFF-AR-10003651,Newell 350,Office Supplies,9.84,3.0,Taylor
CA-2014-111003,6/1/2014,CR-12625,OFF-BI-10001072,"GBC Clear Cover, 8-1/2 x 11, unpunched, 25 covers per pack",Office Supplies,45.48,3.0,Lakewood
CA-2014-111003,6/1/2014,CR-12625,OFF-AR-10002135,Boston Heavy-Duty Trimline Electric Pencil Sharpeners,Office Supplies,289.2,6.0,Lakewood
CA-2017-126774,4/15/2017,SH-20395,OFF-AR-10002804,Faber Castell Col-Erase Pencils,Office Supplies,4.89,1.0,Arlington
CA-2016-142902,9/12/2016,BP-11185,FUR-FU-10001918,C-Line Cubicle Keepers Polyproplyene Holder With Velcro Backings,Furniture,15.136,4.0,Arvada
CA-2016-142902,9/12/2016,BP-11185,FUR-CH-10004086,Hon 4070 Series Pagoda Armless Upholstered Stacking Chairs,Furniture,466.768,2.0,Arvada
CA-2016-142902,9/12/2016,BP-11185,FUR-FU-10001756,"Eldon Expressions Desk Accessory, Wood Photo Frame, Mahogany",Furniture,15.232,1.0,Arvada
CA-2016-142902,9/12/2016,BP-11185,OFF-LA-10000634,Avery 509,Office Supplies,6.264,3.0,Arvada
CA-2014-120887,9/27/2014,TS-21205,FUR-FU-10001588,"Deflect-o SuperTray Unbreakable Stackable Tray, Letter, Black",Furniture,87.54,3.0,Hackensack
CA-2014-167850,8/9/2014,AG-10525,TEC-PH-10002398,AT&T 1070 Corded Phone,Technology,178.384,2.0,Saint Petersburg
CA-2014-167850,8/9/2014,AG-10525,OFF-PA-10001937,Xerox 21,Office Supplies,15.552,3.0,Saint Petersburg
CA-2014-164259,12/28/2014,SP-20860,OFF-AR-10003373,"Boston School Pro Electric Pencil Sharpener, 1670",Office Supplies,99.136,4.0,Philadelphia
CA-2014-164973,11/4/2014,NM-18445,FUR-CH-10002602,DMI Arturo Collection Mission-style Design Wood Chair,Furniture,135.882,1.0,New York City
CA-2014-164973,11/4/2014,NM-18445,TEC-MA-10002927,Canon imageCLASS MF7460 Monochrome Digital Laser Multifunction Copier,Technology,3991.98,2.0,New York City
CA-2014-164973,11/4/2014,NM-18445,TEC-PH-10004093,Panasonic Kx-TS550,Technology,275.94,6.0,New York City
CA-2014-164973,11/4/2014,NM-18445,TEC-AC-10000892,NETGEAR N750 Dual Band Wi-Fi Gigabit Router,Technology,360.0,4.0,New York City
CA-2014-164973,11/4/2014,NM-18445,OFF-ST-10002974,"Trav-L-File Heavy-Duty Shuttle II, Black",Office Supplies,43.57,1.0,New York City
CA-2014-156601,9/19/2014,FA-14230,OFF-FA-10000624,OIC Binder Clips,Office Supplies,7.16,2.0,Long Beach
CA-2016-162138,4/23/2016,GK-14620,OFF-BI-10004593,Ibico Laser Imprintable Binding System Covers,Office Supplies,251.52,6.0,Hesperia
CA-2016-162138,4/23/2016,GK-14620,TEC-AC-10001908,Logitech Wireless Headset h800,Technology,99.99,1.0,Hesperia
CA-2017-153339,11/3/2017,DJ-13510,FUR-FU-10001967,Telescoping Adjustable Floor Lamp,Furniture,15.992,1.0,Murfreesboro
US-2016-141544,8/30/2016,PO-18850,TEC-PH-10003645,Aastra 57i VoIP phone,Technology,290.898,3.0,Philadelphia
US-2016-141544,8/30/2016,PO-18850,OFF-ST-10000675,"File Shuttle II and Handi-File, Black",Office Supplies,54.224,2.0,Philadelphia
US-2016-141544,8/30/2016,PO-18850,FUR-CH-10003312,Hon 2090 Pillow Soft Series Mid Back Swivel/Tilt Chairs,Furniture,786.744,4.0,Philadelphia
US-2016-141544,8/30/2016,PO-18850,OFF-LA-10001074,Round Specialty Laser Printer Labels,Office Supplies,100.24,10.0,Philadelphia
US-2016-141544,8/30/2016,PO-18850,OFF-BI-10001524,GBC Premium Transparent Covers with Diagonal Lined Pattern,Office Supplies,37.764,6.0,Philadelphia
US-2016-150147,4/25/2016,JL-15850,TEC-PH-10004614,AT&T 841000 Phone,Technology,82.8,2.0,Philadelphia
US-2016-150147,4/25/2016,JL-15850,OFF-BI-10001153,Ibico Recycled Grain-Textured Covers,Office Supplies,20.724,2.0,Philadelphia
US-2016-150147,4/25/2016,JL-15850,OFF-BI-10001982,Wilson Jones Custom Binder Spines & Labels,Office Supplies,4.896,3.0,Philadelphia
CA-2015-137946,9/1/2015,DB-13615,OFF-BI-10001922,Storex Dura Pro Binders,Office Supplies,4.752,1.0,Los Angeles
CA-2015-137946,9/1/2015,DB-13615,TEC-CO-10001449,Hewlett Packard LaserJet 3310 Copier,Technology,959.984,2.0,Los Angeles
CA-2015-137946,9/1/2015,DB-13615,OFF-BI-10004140,Avery Non-Stick Binders,Office Supplies,14.368,4.0,Los Angeles
CA-2014-129924,7/12/2014,AC-10420,OFF-BI-10003314,Tuff Stuff Recycled Round Ring Binders,Office Supplies,7.712,2.0,San Francisco
CA-2014-129924,7/12/2014,AC-10420,FUR-TA-10004575,Hon 5100 Series Wood Tables,Furniture,698.352,3.0,San Francisco
CA-2015-128167,6/22/2015,KL-16645,OFF-FA-10000490,"OIC Binder Clips, Mini, 1/4"" Capacity, Black",Office Supplies,4.96,4.0,Layton
CA-2014-122336,4/13/2014,JD-15895,OFF-AR-10000122,Newell 314,Office Supplies,17.856,4.0,Philadelphia
CA-2014-122336,4/13/2014,JD-15895,OFF-BI-10003656,Fellowes PB200 Plastic Comb Binding Machine,Office Supplies,509.97,10.0,Philadelphia
CA-2014-122336,4/13/2014,JD-15895,OFF-FA-10002780,Staples,Office Supplies,30.992,13.0,Philadelphia
CA-2014-122336,4/13/2014,JD-15895,TEC-PH-10000702,"Square Credit Card Reader, 4 1/2"" x 4 1/2"" x 1"", White",Technology,71.928,12.0,Philadelphia
US-2015-120712,12/20/2015,CS-12130,OFF-ST-10000107,Fellowes Super Stor/Drawer,Office Supplies,88.8,4.0,Austin
CA-2017-169901,6/15/2017,CC-12550,TEC-PH-10002293,Anker 36W 4-Port USB Wall Charger Travel Power Adapter for iPhone 5s 5c 5,Technology,47.976,3.0,San Francisco
CA-2017-134306,7/8/2017,TD-20995,OFF-AR-10004027,"Binney & Smith inkTank Erasable Desk Highlighter, Chisel Tip, Yellow, 12/Box",Office Supplies,7.56,3.0,Lowell
CA-2017-134306,7/8/2017,TD-20995,OFF-PA-10000249,Easy-staple paper,Office Supplies,24.56,2.0,Lowell
CA-2017-134306,7/8/2017,TD-20995,OFF-AR-10001374,"BIC Brite Liner Highlighters, Chisel Tip",Office Supplies,12.96,2.0,Lowell
CA-2016-129714,9/1/2016,AB-10060,TEC-AC-10000290,Sabrent 4-Port USB 2.0 Hub,Technology,6.79,1.0,New York City
CA-2016-129714,9/1/2016,AB-10060,OFF-PA-10001970,Xerox 1881,Office Supplies,24.56,2.0,New York City
CA-2016-129714,9/1/2016,AB-10060,OFF-BI-10002160,Acco Hanging Data Binders,Office Supplies,3.048,1.0,New York City
CA-2016-129714,9/1/2016,AB-10060,OFF-PA-10001970,Xerox 1881,Office Supplies,49.12,4.0,New York City
CA-2016-129714,9/1/2016,AB-10060,OFF-BI-10004995,GBC DocuBind P400 Electric Binding System,Office Supplies,4355.168,4.0,New York City
CA-2016-138520,4/8/2016,JL-15505,FUR-BO-10002268,Sauder Barrister Bookcases,Furniture,388.704,6.0,New York City
CA-2016-138520,4/8/2016,JL-15505,OFF-EN-10001137,"#10 Gummed Flap White Envelopes, 100/Box",Office Supplies,8.26,2.0,New York City
CA-2016-138520,4/8/2016,JL-15505,OFF-AR-10002399,"Dixon Prang Watercolor Pencils, 10-Color Set with Brush",Office Supplies,17.04,4.0,New York City
CA-2016-138520,4/8/2016,JL-15505,OFF-PA-10002713,"Adams Phone Message Book, 200 Message Capacity, 8 1/16 x 11",Office Supplies,34.4,5.0,New York City
CA-2016-130001,4/23/2016,HK-14890,OFF-PA-10002666,Southworth 25% Cotton Linen-Finish Paper & Envelopes,Office Supplies,36.24,5.0,Charlotte
CA-2017-155698,3/8/2017,VB-21745,OFF-AP-10001124,Belkin 8 Outlet SurgeMaster II Gold Surge Protector with Phone Protection,Office Supplies,647.84,8.0,Columbus
CA-2017-155698,3/8/2017,VB-21745,OFF-LA-10001158,"Avery Address/Shipping Labels for Typewriters, 4"" x 2""",Office Supplies,20.7,2.0,Columbus
CA-2017-144904,9/25/2017,KW-16435,OFF-LA-10001158,"Avery Address/Shipping Labels for Typewriters, 4"" x 2""",Office Supplies,20.7,2.0,New York City
CA-2017-144904,9/25/2017,KW-16435,FUR-CH-10000785,Global Ergonomic Managers Chair,Furniture,488.646,3.0,New York City
CA-2017-144904,9/25/2017,KW-16435,OFF-AR-10003732,Newell 333,Office Supplies,5.56,2.0,New York City
CA-2017-144904,9/25/2017,KW-16435,FUR-FU-10000023,Eldon Wave Desk Accessories,Furniture,47.12,8.0,New York City
CA-2014-123344,9/24/2014,JD-16060,OFF-ST-10001713,"Gould Plastics 9-Pocket Panel Bin, 18-3/8w x 5-1/4d x 20-1/2h, Black",Office Supplies,211.96,4.0,San Francisco
CA-2016-155516,10/21/2016,MK-17905,OFF-BI-10002412,Wilson Jones Snap Scratch Pad Binder Tool for Ring Binders,Office Supplies,23.2,4.0,Manchester
CA-2016-155516,10/21/2016,MK-17905,OFF-SU-10001225,Staple remover,Office Supplies,7.36,2.0,Manchester
CA-2016-155516,10/21/2016,MK-17905,OFF-ST-10002406,Pizazz Global Quick File,Office Supplies,104.79,7.0,Manchester
CA-2016-155516,10/21/2016,MK-17905,FUR-BO-10002545,"Atlantic Metals Mobile 3-Shelf Bookcases, Custom Colors",Furniture,1043.92,4.0,Manchester
CA-2017-104745,5/29/2017,GT-14755,OFF-PA-10002036,Xerox 1930,Office Supplies,25.92,5.0,Harlingen
CA-2017-104745,5/29/2017,GT-14755,OFF-ST-10002205,File Shuttle I and Handi-File,Office Supplies,53.424,3.0,Harlingen
US-2014-119137,7/23/2014,AG-10900,OFF-BI-10001982,Wilson Jones Custom Binder Spines & Labels,Office Supplies,8.16,5.0,Tucson
US-2014-119137,7/23/2014,AG-10900,TEC-AC-10003911,NETGEAR AC1750 Dual Band Gigabit Smart WiFi Router,Technology,1023.936,8.0,Tucson
US-2014-119137,7/23/2014,AG-10900,OFF-AR-10000658,Newell 324,Office Supplies,9.24,1.0,Tucson
US-2014-119137,7/23/2014,AG-10900,TEC-AC-10002076,Microsoft Natural Keyboard Elite,Technology,479.04,10.0,Tucson
US-2016-134656,9/28/2016,MM-18280,OFF-PA-10003039,Xerox 1960,Office Supplies,99.136,4.0,Quincy
US-2017-134481,8/27/2017,AR-10405,FUR-TA-10004915,"Office Impressions End Table, 20-1/2""H x 24""W x 20""D",Furniture,1488.424,7.0,Franklin
CA-2015-130792,4/28/2015,RA-19915,OFF-AP-10000696,Holmes Odor Grabber,Office Supplies,8.652,3.0,Houston
CA-2015-130792,4/28/2015,RA-19915,OFF-ST-10003327,Akro-Mils 12-Gallon Tote,Office Supplies,23.832,3.0,Houston
CA-2015-130792,4/28/2015,RA-19915,OFF-BI-10000309,"GBC Twin Loop Wire Binding Elements, 9/16"" Spine, Black",Office Supplies,12.176,4.0,Houston
CA-2016-134775,10/28/2016,AS-10285,OFF-PA-10004734,Southworth Structures Collection,Office Supplies,50.96,7.0,San Francisco
CA-2016-134775,10/28/2016,AS-10285,OFF-BI-10002225,"Square Ring Data Binders, Rigid 75 Pt. Covers, 11"" x 14-7/8""",Office Supplies,49.536,3.0,San Francisco
CA-2015-125395,6/26/2015,LA-16780,TEC-AC-10004708,Sony 32GB Class 10 Micro SDHC R40 Memory Card,Technology,41.9,2.0,Taylor
US-2015-168935,11/27/2015,DO-13435,FUR-TA-10000617,"Hon Practical Foundations 30 x 60 Training Table, Light Gray/Charcoal",Furniture,375.4575,3.0,Pembroke Pines
US-2015-168935,11/27/2015,DO-13435,TEC-AC-10002335,Logitech Media Keyboard K200,Technology,83.976,3.0,Pembroke Pines
CA-2015-122756,12/3/2015,DK-13225,TEC-MA-10001681,Lexmark MarkNet N8150 Wireless Print Server,Technology,482.34,4.0,Philadelphia
CA-2015-122756,12/3/2015,DK-13225,FUR-FU-10001935,3M Hangers With Command Adhesive,Furniture,2.96,1.0,Philadelphia
CA-2014-115973,11/24/2014,NG-18430,OFF-AR-10004757,Crayola Colored Pencils,Office Supplies,2.624,1.0,Cincinnati
CA-2017-101798,12/11/2017,MV-18190,OFF-BI-10000050,"Angle-D Binders with Locking Rings, Label Holders",Office Supplies,23.36,4.0,New York City
CA-2017-101798,12/11/2017,MV-18190,TEC-AC-10001998,Logitech LS21 Speaker System - PC Multimedia - 2.1-CH - Wired,Technology,39.98,2.0,New York City
US-2014-135972,9/21/2014,JG-15115,TEC-PH-10003012,Nortel Meridian M3904 Professional Digital phone,Technology,246.384,2.0,Des Moines
US-2014-135972,9/21/2014,JG-15115,TEC-CO-10002313,Canon PC1080F Personal Copier,Technology,1799.97,3.0,Des Moines
US-2014-134971,6/7/2014,BP-11095,OFF-BI-10003982,Wilson Jones Century Plastic Molded Ring Binders,Office Supplies,12.462,3.0,Peoria
CA-2017-102946,6/30/2017,VP-21730,OFF-BI-10004492,Tuf-Vin Binders,Office Supplies,75.792,3.0,Las Vegas
CA-2017-165603,10/17/2017,SS-20140,OFF-ST-10000798,2300 Heavy-Duty Transfer File Systems by Perma,Office Supplies,49.96,2.0,Warwick
CA-2017-165603,10/17/2017,SS-20140,OFF-PA-10002552,Xerox 1958,Office Supplies,12.96,2.0,Warwick
CA-2015-122259,10/31/2015,HP-14815,OFF-SU-10002573,"Acme 10"" Easy Grip Assistive Scissors",Office Supplies,70.12,4.0,Jackson
CA-2016-108987,9/8/2016,AG-10675,OFF-ST-10001580,Super Decoflex Portable Personal File,Office Supplies,35.952,3.0,Houston
CA-2016-108987,9/8/2016,AG-10675,FUR-BO-10004834,"Riverside Palais Royal Lawyers Bookcase, Royale Cherry Finish",Furniture,2396.2656,4.0,Houston
CA-2016-108987,9/8/2016,AG-10675,OFF-ST-10000934,"Contico 72""H Heavy-Duty Storage System",Office Supplies,131.136,4.0,Houston
CA-2016-108987,9/8/2016,AG-10675,TEC-AC-10000158,Sony 64GB Class 10 Micro SDHC R40 Memory Card,Technology,57.584,2.0,Houston
CA-2014-113166,12/24/2014,LF-17185,OFF-PA-10001947,Xerox 1974,Office Supplies,9.568,2.0,Miami
CA-2014-155208,4/16/2014,SP-20650,OFF-AR-10003478,"Avery Hi-Liter EverBold Pen Style Fluorescent Highlighters, 4/Pack",Office Supplies,39.072,6.0,Wilmington
CA-2017-117933,12/24/2017,RF-19840,OFF-AP-10004249,Staple holder,Office Supplies,35.91,3.0,New York City
CA-2017-117457,12/8/2017,KH-16510,TEC-AC-10000158,Sony 64GB Class 10 Micro SDHC R40 Memory Card,Technology,179.95,5.0,San Francisco
CA-2017-117457,12/8/2017,KH-16510,TEC-CO-10004115,Sharp AL-1530CS Digital Copier,Technology,1199.976,3.0,San Francisco
CA-2017-117457,12/8/2017,KH-16510,OFF-PA-10003724,"Wirebound Message Book, 4 per Page",Office Supplies,27.15,5.0,San Francisco
CA-2017-117457,12/8/2017,KH-16510,FUR-TA-10002041,"Bevis Round Conference Table Top, X-Base",Furniture,1004.024,7.0,San Francisco
CA-2017-117457,12/8/2017,KH-16510,OFF-PA-10002893,"Wirebound Service Call Books, 5 1/2"" x 4""",Office Supplies,9.68,1.0,San Francisco
CA-2017-117457,12/8/2017,KH-16510,OFF-LA-10003766,Self-Adhesive Removable Labels,Office Supplies,28.35,9.0,San Francisco
CA-2017-117457,12/8/2017,KH-16510,OFF-PA-10001970,Xerox 1908,Office Supplies,55.98,1.0,San Francisco
CA-2017-117457,12/8/2017,KH-16510,FUR-BO-10001972,O'Sullivan 4-Shelf Bookcase in Odessa Pine,Furniture,1336.829,13.0,San Francisco
CA-2017-117457,12/8/2017,KH-16510,FUR-CH-10003956,Novimex High-Tech Fabric Mesh Task Chair,Furniture,113.568,2.0,San Francisco
CA-2017-142636,11/3/2017,KC-16675,OFF-PA-10000157,Xerox 191,Office Supplies,139.86,7.0,Seattle
CA-2017-142636,11/3/2017,KC-16675,FUR-CH-10001891,Global Deluxe Office Fabric Chairs,Furniture,307.136,4.0,Seattle
CA-2017-122105,6/24/2017,CJ-12010,OFF-AR-10004344,Bulldog Vacuum Base Pencil Sharpener,Office Supplies,95.92,8.0,Huntington Beach
CA-2016-148796,4/14/2016,PB-19150,FUR-CH-10004886,Bevis Steel Folding Chairs,Furniture,383.8,5.0,Los Angeles
CA-2017-154816,11/6/2017,VB-21745,OFF-PA-10003845,Xerox 1987,Office Supplies,5.78,1.0,Richmond
CA-2017-110478,3/4/2017,SP-20860,OFF-AR-10001573,American Pencil,Office Supplies,9.32,4.0,Los Angeles
CA-2017-110478,3/4/2017,SP-20860,OFF-EN-10000483,"White Envelopes, White Envelopes with Clear Poly Window",Office Supplies,15.25,1.0,Los Angeles
CA-2014-142048,6/22/2014,JE-15745,TEC-AC-10004114,KeyTronic 6101 Series - Keyboard - Black,Technology,196.752,6.0,Louisville
CA-2017-125388,10/19/2017,MP-17965,FUR-FU-10004712,"Westinghouse Mesh Shade Clip-On Gooseneck Lamp, Black",Furniture,56.56,4.0,Lawrence
CA-2017-125388,10/19/2017,MP-17965,OFF-ST-10000918,Crate-A-Files,Office Supplies,32.7,3.0,Lawrence
CA-2017-155705,8/21/2017,NF-18385,FUR-CH-10000015,Hon Multipurpose Stacking Arm Chairs,Furniture,866.4,4.0,Jackson
CA-2017-149160,11/23/2017,JM-15265,FUR-FU-10003347,Coloredge Poster Frame,Furniture,28.4,2.0,Canton
CA-2017-149160,11/23/2017,JM-15265,OFF-BI-10001543,GBC VeloBinder Manual Binding System,Office Supplies,287.92,8.0,Canton
CA-2014-101476,9/12/2014,SD-20485,TEC-MA-10000029,"Epson WorkForce WF-2530 All-in-One Printer, Copier Scanner",Technology,69.99,1.0,New Rochelle
CA-2017-152275,10/1/2017,KH-16630,OFF-AR-10000369,Design Ebony Sketching Pencil,Office Supplies,6.672,6.0,San Antonio
US-2016-123750,4/15/2016,RB-19795,OFF-BI-10004584,GBC ProClick 150 Presentation Binding System,Office Supplies,189.588,2.0,Gastonia
US-2016-123750,4/15/2016,RB-19795,TEC-AC-10004659,Imation Secure+ Hardware Encrypted USB 2.0 Flash Drive; 16GB,Technology,408.744,7.0,Gastonia
US-2016-123750,4/15/2016,RB-19795,TEC-AC-10004659,Imation Secure+ Hardware Encrypted USB 2.0 Flash Drive; 16GB,Technology,291.96,5.0,Gastonia
US-2016-123750,4/15/2016,RB-19795,OFF-ST-10000617,Woodgrain Magazine Files by Perma,Office Supplies,4.768,2.0,Gastonia
CA-2016-127369,6/6/2016,DB-13060,OFF-ST-10003306,Letter Size Cart,Office Supplies,714.3,5.0,Lowell
US-2014-150574,12/19/2014,MK-18160,OFF-BI-10000773,Insertable Tab Post Binder Dividers,Office Supplies,4.812,2.0,Jacksonville
US-2014-150574,12/19/2014,MK-18160,TEC-AC-10002600,Belkin QODE FastFit Bluetooth Keyboard,Technology,247.8,5.0,Jacksonville
CA-2016-147375,6/12/2016,PO-19180,TEC-MA-10002937,"Canon Color ImageCLASS MF8580Cdw Wireless Laser All-In-One Printer, Copier, Scanner",Technology,1007.979,3.0,Chicago
CA-2016-147375,6/12/2016,PO-19180,OFF-PA-10001970,Xerox 1908,Office Supplies,313.488,7.0,Chicago
CA-2017-130043,9/15/2017,BB-11545,OFF-PA-10002230,Xerox 1897,Office Supplies,31.872,8.0,Houston
CA-2017-157252,1/20/2017,CV-12805,FUR-CH-10003396,Global Deluxe Steno Chair,Furniture,207.846,3.0,New York City
CA-2016-115756,9/5/2016,PK-19075,FUR-FU-10000246,Aluminum Document Frame,Furniture,12.22,1.0,Detroit
CA-2016-115756,9/5/2016,PK-19075,OFF-ST-10000060,Fellowes Bankers Box Staxonsteel Drawer File/Stacking System,Office Supplies,194.94,3.0,Detroit
CA-2016-115756,9/5/2016,PK-19075,OFF-ST-10003058,Eldon Mobile Mega Data Cart  Mega Stackable  Add-On Trays,Office Supplies,70.95,3.0,Detroit
CA-2016-115756,9/5/2016,PK-19075,OFF-PA-10002222,"Xerox Color Copier Paper, 11"" x 17"", Ream",Office Supplies,91.36,4.0,Detroit
CA-2016-115756,9/5/2016,PK-19075,FUR-CH-10002372,Office Star - Ergonomically Designed Knee Chair,Furniture,242.94,3.0,Detroit
CA-2016-115756,9/5/2016,PK-19075,OFF-LA-10001317,Avery 520,Office Supplies,22.05,7.0,Detroit
CA-2017-154214,3/20/2017,TB-21595,FUR-FU-10000206,"GE General Purpose, Extra Long Life, Showcase & Floodlight Incandescent Bulbs",Furniture,2.91,1.0,Columbus
CA-2016-166674,4/1/2016,RB-19360,OFF-AR-10000588,Newell 345,Office Supplies,59.52,3.0,Auburn
CA-2016-166674,4/1/2016,RB-19360,OFF-ST-10001469,Fellowes Bankers Box Recycled Super Stor/Drawer,Office Supplies,161.94,3.0,Auburn
CA-2016-166674,4/1/2016,RB-19360,OFF-AR-10001953,Boston 1645 Deluxe Heavier-Duty Electric Pencil Sharpener,Office Supplies,263.88,6.0,Auburn
CA-2016-166674,4/1/2016,RB-19360,OFF-AR-10003156,50 Colored Long Pencils,Office Supplies,30.48,3.0,Auburn
CA-2016-166674,4/1/2016,RB-19360,OFF-AR-10004974,Newell 342,Office Supplies,9.84,3.0,Auburn
CA-2016-166674,4/1/2016,RB-19360,TEC-PH-10002365,Belkin Grip Candy Sheer Case / Cover for iPhone 5 and 5S,Technology,35.12,4.0,Auburn
CA-2017-147277,10/20/2017,EB-13705,FUR-TA-10001539,Chromcraft Rectangular Conference Tables,Furniture,284.364,2.0,Akron
CA-2017-147277,10/20/2017,EB-13705,OFF-ST-10000142,Deluxe Rollaway Locking File with Drawer,Office Supplies,665.408,2.0,Akron
CA-2016-100153,12/13/2016,KH-16630,TEC-AC-10001772,Memorex Mini Travel Drive 16 GB USB 2.0 Flash Drive,Technology,63.88,4.0,Norman
US-2014-110674,2/12/2014,SC-20095,FUR-CH-10000225,"Global Geo Office Task Chair, Gray",Furniture,129.568,2.0,Concord
US-2016-157945,9/26/2016,NF-18385,FUR-CH-10002331,Hon 4700 Series Mobuis Mid-Back Task Chairs with Adjustable Arms,Furniture,747.558,3.0,Decatur
US-2016-157945,9/26/2016,NF-18385,OFF-EN-10001415,Staple envelope,Office Supplies,8.928,2.0,Decatur
CA-2015-109638,12/15/2015,JH-15985,OFF-AP-10002472,3M Office Air Cleaner,Office Supplies,103.92,4.0,Seattle
CA-2015-109638,12/15/2015,JH-15985,TEC-AC-10004571,Logitech G700s Rechargeable Gaming Mouse,Technology,899.91,9.0,Seattle
CA-2015-109638,12/15/2015,JH-15985,OFF-BI-10001098,Acco D-Ring Binder w/DublLock,Office Supplies,51.312,3.0,Seattle
CA-2016-109869,4/22/2016,TN-21040,FUR-FU-10000023,Eldon Wave Desk Accessories,Furniture,23.56,5.0,Phoenix
CA-2016-109869,4/22/2016,TN-21040,FUR-TA-10001889,Bush Advantage Collection Racetrack Conference Table,Furniture,1272.63,6.0,Phoenix
CA-2016-109869,4/22/2016,TN-21040,OFF-BI-10000315,Poly Designer Cover & Back,Office Supplies,28.485,5.0,Phoenix
CA-2016-109869,4/22/2016,TN-21040,OFF-SU-10003505,Premier Electric Letter Opener,Office Supplies,185.376,2.0,Phoenix
CA-2016-109869,4/22/2016,TN-21040,OFF-AP-10002578,"Fellowes Premier Superior Surge Suppressor, 10-Outlet, With Phone and Remote",Office Supplies,78.272,2.0,Phoenix
US-2015-101399,1/17/2015,JS-15940,FUR-FU-10002918,Eldon ClusterMat Chair Mat with Cordless Antistatic Protection,Furniture,254.744,7.0,Park Ridge
CA-2017-154907,3/31/2017,DS-13180,FUR-BO-10002824,Bush Mission Pointe Library,Furniture,205.3328,2.0,Amarillo
US-2016-100419,12/16/2016,CC-12670,OFF-BI-10002194,Cardinal Hold-It CD Pocket,Office Supplies,4.788,3.0,Chicago
CA-2015-154144,12/20/2015,MH-17785,OFF-PA-10004071,"Eaton Premium Continuous-Feed Paper, 25% Cotton, Letter Size, White, 1000 Shts/Box",Office Supplies,55.48,1.0,Lindenhurst
CA-2014-144666,11/9/2014,JP-15520,OFF-ST-10002743,SAFCO Boltless Steel Shelving,Office Supplies,340.92,3.0,San Francisco
CA-2014-144666,11/9/2014,JP-15520,FUR-BO-10001601,"Sauder Mission Library with Doors, Fruitwood Finish",Furniture,222.666,2.0,San Francisco
CA-2014-144666,11/9/2014,JP-15520,TEC-PH-10002680,Samsung Galaxy Note 3,Technology,703.968,4.0,San Francisco
CA-2014-144666,11/9/2014,JP-15520,OFF-ST-10001321,"Decoflex Hanging Personal Folder File, Blue",Office Supplies,92.52,6.0,San Francisco
CA-2014-144666,11/9/2014,JP-15520,OFF-PA-10001509,"Recycled Desk Saver Line ""While You Were Out"" Book, 5 1/2"" X 4""",Office Supplies,62.65,7.0,San Francisco
CA-2014-144666,11/9/2014,JP-15520,OFF-PA-10003465,Xerox 1912,Office Supplies,94.85,5.0,San Francisco
CA-2016-103891,7/12/2016,KH-16690,TEC-PH-10000149,Cisco SPA525G2 IP Phone - Wireless,Technology,95.76,6.0,Los Angeles
CA-2016-152632,10/27/2016,JE-15475,FUR-FU-10002671,Electrix 20W Halogen Replacement Bulb for Zoom-In Desk Lamp,Furniture,40.2,3.0,Troy
CA-2016-100790,6/26/2016,JG-15805,OFF-AR-10003045,Prang Colored Pencils,Office Supplies,14.7,5.0,New York City
CA-2016-100790,6/26/2016,JG-15805,OFF-ST-10000689,"Fellowes Strictly Business Drawer File, Letter/Legal Size",Office Supplies,704.25,5.0,New York City
CA-2014-134677,10/6/2014,XP-21865,TEC-AC-10001445,Imation USB 2.0 Swivel Flash Drive USB flash drive - 4 GB - Pink,Technology,9.09,3.0,San Diego
CA-2014-127691,7/22/2014,EM-14065,OFF-AR-10002053,"Premium Writing Pencils, Soft, #2 by Central Association for the Blind",Office Supplies,5.96,2.0,New York City
CA-2014-127691,7/22/2014,EM-14065,TEC-AC-10002567,Logitech G602 Wireless Gaming Mouse,Technology,159.98,2.0,New York City
CA-2017-140963,6/10/2017,MT-18070,OFF-LA-10003923,Alphabetical Labels for Top Tab Filing,Office Supplies,29.6,2.0,Los Angeles
CA-2017-140963,6/10/2017,MT-18070,FUR-BO-10001337,O'Sullivan Living Dimensions 2-Shelf Bookcases,Furniture,514.165,5.0,Los Angeles
CA-2017-140963,6/10/2017,MT-18070,TEC-PH-10001924,iHome FM Clock Radio with Lightning Dock,Technology,279.96,5.0,Los Angeles
CA-2014-154627,10/29/2014,SA-20830,TEC-PH-10001363,Apple iPhone 5S,Technology,2735.952,6.0,Chicago
CA-2014-133753,6/9/2014,CW-11905,TEC-PH-10000376,Square Credit Card Reader,Technology,7.992,1.0,Huntsville
CA-2014-133753,6/9/2014,CW-11905,TEC-AC-10000303,Logitech M510 Wireless Mouse,Technology,63.984,2.0,Huntsville
CA-2014-133753,6/9/2014,CW-11905,OFF-AR-10001953,Boston 1645 Deluxe Heavier-Duty Electric Pencil Sharpener,Office Supplies,70.368,2.0,Huntsville
CA-2014-113362,9/14/2014,AJ-10960,OFF-ST-10001809,Fellowes Officeware Wire Shelving,Office Supplies,449.15,5.0,Rochester
CA-2014-113362,9/14/2014,AJ-10960,OFF-EN-10003845,Colored Envelopes,Office Supplies,11.07,3.0,Rochester
CA-2016-169166,5/9/2016,SS-20590,TEC-AC-10000991,Sony Micro Vault Click 8 GB USB 2.0 Flash Drive,Technology,93.98,2.0,Seattle
US-2016-120929,3/18/2016,RO-19780,FUR-TA-10001857,Balt Solid Wood Rectangular Table,Furniture,189.882,3.0,Memphis
CA-2015-134782,12/27/2015,MD-17350,OFF-EN-10001434,"Strathmore #10 Envelopes, Ultimate White",Office Supplies,105.42,2.0,Fayetteville
CA-2016-126158,7/25/2016,SC-20095,OFF-BI-10002498,Clear Mylar Reinforcing Strips,Office Supplies,119.616,8.0,Costa Mesa
CA-2016-126158,7/25/2016,SC-20095,FUR-FU-10004864,"Howard Miller 14-1/2"" Diameter Chrome Round Wall Clock",Furniture,255.76,4.0,Costa Mesa
CA-2016-126158,7/25/2016,SC-20095,FUR-CH-10002602,DMI Arturo Collection Mission-style Design Wood Chair,Furniture,241.568,2.0,Costa Mesa
CA-2016-126158,7/25/2016,SC-20095,FUR-FU-10000073,Deflect-O Glasstique Clear Desk Accessories,Furniture,69.3,9.0,Costa Mesa
