Product ID,Product Name,Category,Sub-Category,Sales,Discount,Profit,Region,State
FUR-BO-10001337,O'Sullivan Living Dimensions 2-Shelf Bookcases,Furniture,Bookcases,514.165,0.15,-30.245,West,California
FUR-BO-10001601,"Sauder Mission Library with Doors, Fruitwood Finish",Furniture,Bookcases,222.666,0.15,10.4784,West,California
FUR-BO-10001798,Bush Somerset Collection Bookcase,Furniture,Bookcases,261.96,0.0,41.9136,South,Kentucky
FUR-BO-10001972,O'Sullivan 4-Shelf Bookcase in Odessa Pine,Furniture,Bookcases,1336.829,0.15,31.4548,West,California
FUR-BO-10002268,Sauder Barrister Bookcases,Furniture,Bookcases,388.704,0.2,-4.8588,East,New York
FUR-BO-10002545,"Atlantic Metals Mobile 3-Shelf Bookcases, Custom Colors",Furniture,Bookcases,2202.6711999999998,0.17333333333333334,271.4192,East,Connecticut
FUR-BO-10002613,"Atlantic Metals Mobile 4-Shelf Bookcases, Custom Colors",Furniture,Bookcases,899.136,0.2,112.392,East,New York
FUR-BO-10002824,Bush Mission Pointe Library,Furniture,Bookcases,205.3328,0.32,-36.2352,Central,Texas
FUR-BO-10004695,O'Sullivan 2-Door Barrister Bookcase in Odessa Pine,Furniture,Bookcases,452.45,0.5,-244.323,East,Ohio
FUR-BO-10004709,"Bush Westfield Collection Bookcases, Medium Cherry Finish",Furniture,Bookcases,86.97,0.5,-48.7032,East,Ohio
FUR-BO-10004834,"Riverside Palais Royal Lawyers Bookcase, Royale Cherry Finish",Furniture,Bookcases,5479.6956,0.41000000000000003,-1982.2050000000002,Central,Pennsylvania
FUR-CH-10000015,Hon Multipurpose Stacking Arm Chairs,Furniture,Chairs,866.4,0.0,225.264,South,Mississippi
FUR-CH-10000225,"Global Geo Office Task Chair, Gray",Furniture,Chairs,129.568,0.2,-24.294,West,California
FUR-CH-10000454,"Hon Deluxe Fabric Upholstered Stacking Chairs, Rounded Back",Furniture,Chairs,2683.7799999999997,0.0,805.134,Central,Kentucky
FUR-CH-10000513,High-Back Leather Manager's Chair,Furniture,Chairs,831.936,0.2,-114.3912,South,Tennessee
FUR-CH-10000785,Global Ergonomic Managers Chair,Furniture,Chairs,488.646,0.1,86.8704,East,New York
FUR-CH-10000863,Novimex Swivel Fabric Task Chair,Furniture,Chairs,301.96,0.0,33.2156,South,South Carolina
FUR-CH-10001146,"Global Value Mid-Back Manager's Chair, Gray",Furniture,Chairs,294.539,0.25,-24.3827,Central,California
FUR-CH-10001891,Global Deluxe Office Fabric Chairs,Furniture,Chairs,537.488,0.2,47.0302,West,Colorado
FUR-CH-10002331,Hon 4700 Series Mobuis Mid-Back Task Chairs with Adjustable Arms,Furniture,Chairs,747.558,0.3,-96.1146,Central,Illinois
FUR-CH-10002372,Office Star - Ergonomically Designed Knee Chair,Furniture,Chairs,242.94,0.0,29.1528,Central,Michigan
FUR-CH-10002602,DMI Arturo Collection Mission-style Design Wood Chair,Furniture,Chairs,377.45000000000005,0.15000000000000002,42.2744,East,California
FUR-CH-10002774,"Global Deluxe Stacking Chair, Gray",Furniture,Chairs,71.372,0.3,-1.0196,East,Pennsylvania
FUR-CH-10002965,"Global Leather Highback Executive Chair with Pneumatic Height Adjustment, Black",Furniture,Chairs,321.568,0.2,28.1372,West,California
FUR-CH-10003061,"Global Leather Task Chair, Black",Furniture,Chairs,89.99,0.0,17.0981,Central,Indiana
FUR-CH-10003312,Hon 2090 Pillow Soft Series Mid Back Swivel/Tilt Chairs,Furniture,Chairs,786.744,0.3,-258.5016,East,Pennsylvania
FUR-CH-10003396,Global Deluxe Steno Chair,Furniture,Chairs,207.846,0.1,2.3094,East,New York
FUR-CH-10003817,"Global Value Steno Chair, Gray",Furniture,Chairs,340.144,0.2,21.259,West,California
FUR-CH-10003956,Novimex High-Tech Fabric Mesh Task Chair,Furniture,Chairs,113.568,0.2,-18.4548,West,California
FUR-CH-10003968,Novimex Turbo Task Chair,Furniture,Chairs,319.41,0.1,7.098,East,New York
FUR-CH-10004063,Global Deluxe High-Back Manager's Chair,Furniture,Chairs,3059.986,0.16666666666666666,623.4364,Central,Minnesota
FUR-CH-10004086,Hon 4070 Series Pagoda Armless Upholstered Stacking Chairs,Furniture,Chairs,466.768,0.2,52.5114,West,Colorado
FUR-CH-10004218,"Global Fabric Manager's Chair, Dark Gray",Furniture,Chairs,212.058,0.3,-15.147,Central,Texas
FUR-CH-10004287,SAFCO Arco Folding Chair,Furniture,Chairs,1740.06,0.3,-24.858,Central,Texas
FUR-CH-10004477,"Global Push Button Manager's Chair, Indigo",Furniture,Chairs,389.696,0.2,43.8408,South,Tennessee
FUR-CH-10004698,"Padded Folding Chairs, Black, 4/Carton",Furniture,Chairs,396.802,0.3,-11.3372,East,Ohio
FUR-CH-10004860,Global Low Back Tilter Chair,Furniture,Chairs,161.568,0.2,-28.2744,South,Tennessee
FUR-CH-10004886,Bevis Steel Folding Chairs,Furniture,Chairs,383.8,0.2,38.38,West,California
FUR-FU-10000023,Eldon Wave Desk Accessories,Furniture,Furnishings,70.67999999999999,0.1,27.800800000000002,East,Arizona
FUR-FU-10000073,Deflect-O Glasstique Clear Desk Accessories,Furniture,Furnishings,69.3,0.0,22.869,West,California
FUR-FU-10000087,"Executive Impressions 14"" Two-Color Numerals Wall Clock",Furniture,Furnishings,72.704,0.2,19.0848,East,Ohio
FUR-FU-10000206,"GE General Purpose, Extra Long Life, Showcase & Floodlight Incandescent Bulbs",Furniture,Furnishings,2.91,0.0,1.3677,Central,Indiana
FUR-FU-10000246,Aluminum Document Frame,Furniture,Furnishings,12.22,0.0,3.666,Central,Michigan
FUR-FU-10000260,"6"" Cubicle Wall Clock, Black",Furniture,Furnishings,9.708,0.6,-5.8248,Central,Texas
FUR-FU-10000397,Luxo Economy Swing Arm Lamp,Furniture,Furnishings,79.76,0.0,22.3328,West,California
FUR-FU-10000521,"Seth Thomas 14"" Putty-Colored Wall Clock",Furniture,Furnishings,93.888,0.2,12.9096,East,Ohio
FUR-FU-10000576,Luxo Professional Fluorescent Magnifier Lamp with Clamp-Mount Base,Furniture,Furnishings,419.68,0.6,-356.728,Central,Illinois
FUR-FU-10000629,9-3/4 Diameter Round Wall Clock,Furniture,Furnishings,96.53,0.0,40.5426,East,New York
FUR-FU-10001487,"Eldon Expressions Wood and Plastic Desk Accessories, Cherry Wood",Furniture,Furnishings,48.86,0.0,14.1694,West,California
FUR-FU-10001588,"Deflect-o SuperTray Unbreakable Stackable Tray, Letter, Black",Furniture,Furnishings,87.54,0.0,37.6422,East,New Jersey
FUR-FU-10001706,Longer-Life Soft White Bulbs,Furniture,Furnishings,49.28,0.0,23.654400000000003,Central,California
FUR-FU-10001756,"Eldon Expressions Desk Accessory, Wood Photo Frame, Mahogany",Furniture,Furnishings,15.232,0.2,1.7136,West,Colorado
FUR-FU-10001861,"Floodlight Indoor Halogen Bulbs, 1 Bulb per Pack, 60 Watts",Furniture,Furnishings,77.6,0.0,38.024,East,New Jersey
FUR-FU-10001918,C-Line Cubicle Keepers Polyproplyene Holder With Velcro Backings,Furniture,Furnishings,15.136,0.2,3.5948,West,Colorado
FUR-FU-10001934,Magnifier Swing Arm Lamp,Furniture,Furnishings,41.96,0.0,10.9096,East,New York
FUR-FU-10001935,3M Hangers With Command Adhesive,Furniture,Furnishings,2.96,0.2,0.777,East,Pennsylvania
FUR-FU-10001967,Telescoping Adjustable Floor Lamp,Furniture,Furnishings,15.992,0.2,0.9995,South,Tennessee
FUR-FU-10002157,Artistic Insta-Plaque,Furniture,Furnishings,47.04,0.0,18.3456,East,Delaware
FUR-FU-10002505,Eldon 100 Class Desk Accessories,Furniture,Furnishings,16.176,0.6,-11.3232,Central,Illinois
FUR-FU-10002671,Electrix 20W Halogen Replacement Bulb for Zoom-In Desk Lamp,Furniture,Furnishings,67.0,0.0,32.16,East,New York
FUR-FU-10002918,Eldon ClusterMat Chair Mat with Cordless Antistatic Protection,Furniture,Furnishings,473.096,0.4,-336.626,Central,Colorado
FUR-FU-10002960,"Eldon 200 Class Desk Accessories, Burgundy",Furniture,Furnishings,35.168,0.2,9.6712,South,Tennessee
FUR-FU-10003194,"Eldon Expressions Desk Accessory, Wood Pencil Holder, Oak",Furniture,Furnishings,19.3,0.6,-14.475,Central,Texas
FUR-FU-10003274,Regeneration Desk Collection,Furniture,Furnishings,5.28,0.0,2.3232,West,California
FUR-FU-10003347,Coloredge Poster Frame,Furniture,Furnishings,28.4,0.0,11.076,Central,Michigan
FUR-FU-10003664,"Electrix Architect's Clamp-On Swing Arm Lamp, Black",Furniture,Furnishings,190.92,0.6,-147.963,Central,Texas
FUR-FU-10003708,"Tenex Traditional Chairmats for Medium Pile Carpet, Standard Lip, 36"" x 48""",Furniture,Furnishings,97.04,0.2,1.213,South,Tennessee
FUR-FU-10003773,Eldon Cleatmat Plus Chair Mats for High Pile Carpets,Furniture,Furnishings,238.56,0.0,26.2416,West,California
FUR-FU-10003799,"Seth Thomas 13 1/2"" Wall Clock",Furniture,Furnishings,53.34,0.0,16.5354,Central,Minnesota
FUR-FU-10004006,"Deflect-o DuraMat Lighweight, Studded, Beveled Mat for Low Pile Carpeting",Furniture,Furnishings,102.36,0.2,-3.8385,West,Colorado
FUR-FU-10004017,"Tenex Contemporary Contur Chairmats for Low and Medium Pile Carpet, Computer, 39"" x 49""",Furniture,Furnishings,258.072,0.2,0.0,South,Florida
FUR-FU-10004091,"Howard Miller 13"" Diameter Goldtone Round Wall Clock",Furniture,Furnishings,300.416,0.2,78.8592,West,Colorado
FUR-FU-10004351,Staple-based wall hangings,Furniture,Furnishings,11.688,0.6,-4.6752,Central,Illinois
FUR-FU-10004712,"Westinghouse Mesh Shade Clip-On Gooseneck Lamp, Black",Furniture,Furnishings,56.56,0.0,14.7056,East,Massachusetts
FUR-FU-10004848,"Howard Miller 13-3/4"" Diameter Brushed Chrome Round Wall Clock",Furniture,Furnishings,207.0,0.2,25.875,East,Pennsylvania
FUR-FU-10004864,"Howard Miller 14-1/2"" Diameter Chrome Round Wall Clock",Furniture,Furnishings,255.76,0.0,81.8432,West,California
FUR-TA-10000577,Bretford CR4500 Series Slim Rectangular Table,Furniture,Tables,2002.2075,0.225,-142.7661,South,Florida
FUR-TA-10000617,"Hon Practical Foundations 30 x 60 Training Table, Light Gray/Charcoal",Furniture,Tables,375.4575,0.45,-157.0095,South,Florida
FUR-TA-10001539,Chromcraft Rectangular Conference Tables,Furniture,Tables,1990.548,0.30000000000000004,9.478800000000007,East,California
FUR-TA-10001705,Bush Advantage Collection Round Conference Table,Furniture,Tables,233.86,0.45,-102.048,South,Florida
FUR-TA-10001768,Hon Racetrack Conference Tables,Furniture,Tables,787.53,0.0,165.3813,West,Washington
FUR-TA-10001857,Balt Solid Wood Rectangular Table,Furniture,Tables,189.882,0.4,-94.941,South,Tennessee
FUR-TA-10001889,Bush Advantage Collection Racetrack Conference Table,Furniture,Tables,1272.63,0.5,-814.4832,West,Arizona
FUR-TA-10002041,"Bevis Round Conference Table Top, X-Base",Furniture,Tables,1004.024,0.2,-112.9527,West,California
FUR-TA-10002533,BPI Conference Tables,Furniture,Tables,219.075,0.5,-131.445,Central,Illinois
FUR-TA-10002607,KI Conference Tables,Furniture,Tables,177.225,0.5,-120.513,Central,Illinois
FUR-TA-10002903,"Bevis Round Bullnose 29"" High Table Top",Furniture,Tables,1038.84,0.2,51.942,West,California
FUR-TA-10003473,Bretford Rectangular Conference Table Tops,Furniture,Tables,620.6145,0.45,-248.2458,South,Florida
FUR-TA-10003748,Bevis 36 x 72 Conference Tables,Furniture,Tables,622.45,0.0,136.939,Central,Michigan
FUR-TA-10004289,BoxOffice By Design Rectangular and Half-Moon Meeting Room Tables,Furniture,Tables,218.75,0.5,-161.875,West,Colorado
FUR-TA-10004534,Bevis 44 x 96 Conference Tables,Furniture,Tables,617.7,0.5,-407.682,Central,Illinois
FUR-TA-10004575,Hon 5100 Series Wood Tables,Furniture,Tables,698.352,0.2,-17.4588,West,California
FUR-TA-10004915,"Office Impressions End Table, 20-1/2""H x 24""W x 20""D",Furniture,Tables,1488.424,0.3,-297.6848,East,Massachusetts
OFF-AP-10000326,Belkin 7 Outlet SurgeMaster Surge Protector with Phone Protection,Office Supplies,Appliances,157.92,0.2,17.766,West,Arizona
OFF-AP-10000358,Fellowes Basic Home/Office Series Surge Protectors,Office Supplies,Appliances,77.88,0.0,22.5852,Central,Minnesota
OFF-AP-10000696,Holmes Odor Grabber,Office Supplies,Appliances,8.652,0.8,-20.3322,Central,Texas
OFF-AP-10000891,Kensington 7 Outlet MasterPiece HOMEOFFICE Power Control Center,Office Supplies,Appliances,52.448,0.8,-131.12,Central,Illinois
OFF-AP-10001058,Sanyo 2.5 Cubic Foot Mid-Size Office Refrigerators,Office Supplies,Appliances,839.43,0.0,218.2518,Central,Missouri
OFF-AP-10001124,Belkin 8 Outlet SurgeMaster II Gold Surge Protector with Phone Protection,Office Supplies,Appliances,647.84,0.0,168.4384,South,Georgia
OFF-AP-10001492,"Acco Six-Outlet Power Strip, 4' Cord Length",Office Supplies,Appliances,60.34,0.0,15.6884,Central,Nebraska
OFF-AP-10002118,"1.7 Cubic Foot Compact ""Cube"" Office Refrigerators",Office Supplies,Appliances,208.16,0.0,56.2032,South,Alabama
OFF-AP-10002203,Eureka Disposable Bags for Sanitaire Vibra Groomer I Upright Vac,Office Supplies,Appliances,1.624,0.8,-4.466,Central,Texas
OFF-AP-10002311,"Holmes Replacement Filter for HEPA Air Cleaner, Very Large Room, HEPA Filter",Office Supplies,Appliances,68.81,0.8,-123.858,Central,Texas
OFF-AP-10002472,3M Office Air Cleaner,Office Supplies,Appliances,103.92,0.0,36.372,West,Washington
OFF-AP-10002518,Kensington 7 Outlet MasterPiece Power Center,Office Supplies,Appliances,177.98,0.8,-453.849,Central,Texas
OFF-AP-10002578,"Fellowes Premier Superior Surge Suppressor, 10-Outlet, With Phone and Remote",Office Supplies,Appliances,78.272,0.2,5.8704,West,Arizona
OFF-AP-10002684,"Acco 7-Outlet Masterpiece Power Center, Wihtout Fax/Phone Line Protection",Office Supplies,Appliances,291.792,0.5,-218.844,Central,Florida
OFF-AP-10002892,Belkin F5C206VTEL 6 Outlet Surge,Office Supplies,Appliances,114.9,0.0,34.47,West,California
OFF-AP-10002945,Honeywell Enviracaire Portable HEPA Air Cleaner for 17' x 22' Room,Office Supplies,Appliances,1503.25,0.0,496.0725,Central,Minnesota
OFF-AP-10003217,Eureka Sanitaire  Commercial Upright,Office Supplies,Appliances,66.284,0.8,-178.9668,Central,Texas
OFF-AP-10003622,"Bravo II Megaboss 12-Amp Hard Body Upright, Replacement Belts, 2 Belts per Pack",Office Supplies,Appliances,2.6,0.2,0.2925,West,Colorado
OFF-AP-10004249,Staple holder,Office Supplies,Appliances,35.91,0.0,9.6957,East,New York
OFF-AR-10000122,Newell 314,Office Supplies,Art,17.856,0.2,1.116,East,Pennsylvania
OFF-AR-10000246,Newell 318,Office Supplies,Art,19.46,0.0,5.0596,Central,Nebraska
OFF-AR-10000369,Design Ebony Sketching Pencil,Office Supplies,Art,6.672,0.2,0.5004,Central,Texas
OFF-AR-10000380,"Hunt PowerHouse Electric Pencil Sharpener, Blue",Office Supplies,Art,75.96,0.0,22.788,Central,Iowa
OFF-AR-10000390,Newell Chalk Holder,Office Supplies,Art,3.304,0.2,1.0738,South,North Carolina
OFF-AR-10000588,Newell 345,Office Supplies,Art,59.52,0.0,15.4752,East,New York
OFF-AR-10000658,Newell 324,Office Supplies,Art,9.24,0.2,0.924,West,Arizona
OFF-AR-10000940,Newell 343,Office Supplies,Art,8.82,0.0,2.3814,West,California
OFF-AR-10001026,"Sanford Uni-Blazer View Highlighters, Chisel Tip, Yellow",Office Supplies,Art,2.2,0.0,0.968,Central,Michigan
OFF-AR-10001149,"Sanford Colorific Colored Pencils, 12/Box",Office Supplies,Art,11.52,0.0,3.456,West,California
OFF-AR-10001374,"BIC Brite Liner Highlighters, Chisel Tip",Office Supplies,Art,12.96,0.0,4.1472,East,Massachusetts
OFF-AR-10001427,Newell 330,Office Supplies,Art,5.98,0.0,1.5548,West,California
OFF-AR-10001547,Newell 311,Office Supplies,Art,6.63,0.0,1.7901,West,Washington
OFF-AR-10001573,American Pencil,Office Supplies,Art,9.32,0.0,2.7028,West,California
OFF-AR-10001683,Lumber Crayons,Office Supplies,Art,15.76,0.2,3.546,East,Pennsylvania
OFF-AR-10001868,Prang Dustless Chalk Sticks,Office Supplies,Art,1.68,0.0,0.84,East,New York
OFF-AR-10001940,"Sanford Colorific Eraseable Coloring Pencils, 12 Count",Office Supplies,Art,3.28,0.0,1.4104,East,New York
OFF-AR-10001953,Boston 1645 Deluxe Heavier-Duty Electric Pencil Sharpener,Office Supplies,Art,334.248,0.1,77.40480000000001,Central,New York
OFF-AR-10001958,Stanley Bostitch Contemporary Electric Pencil Sharpeners,Office Supplies,Art,27.168,0.2,2.7168,East,Ohio
OFF-AR-10002053,"Premium Writing Pencils, Soft, #2 by Central Association for the Blind",Office Supplies,Art,20.86,0.0,5.8408,East,California
OFF-AR-10002135,Boston Heavy-Duty Trimline Electric Pencil Sharpeners,Office Supplies,Art,289.2,0.0,83.868,East,New Jersey
OFF-AR-10002399,"Dixon Prang Watercolor Pencils, 10-Color Set with Brush",Office Supplies,Art,17.04,0.0,6.9864,East,New York
OFF-AR-10002656,Sanford Liquid Accent Highlighters,Office Supplies,Art,32.064,0.2,6.8136,Central,Texas
OFF-AR-10002671,"Hunt BOSTON Model 1606 High-Volume Electric Pencil Sharpener, Beige",Office Supplies,Art,1113.024,0.2,111.3024,West,Arizona
OFF-AR-10002804,Faber Castell Col-Erase Pencils,Office Supplies,Art,4.89,0.0,2.0049,South,Virginia
OFF-AR-10002833,Newell 322,Office Supplies,Art,7.28,0.0,1.9656,West,California
OFF-AR-10003045,Prang Colored Pencils,Office Supplies,Art,14.7,0.0,6.615,East,New York
OFF-AR-10003056,Newell 341,Office Supplies,Art,8.56,0.0,2.4824,West,California
OFF-AR-10003156,50 Colored Long Pencils,Office Supplies,Art,30.48,0.0,7.9248,East,New York
OFF-AR-10003373,"Boston School Pro Electric Pencil Sharpener, 1670",Office Supplies,Art,99.136,0.2,8.6744,East,Pennsylvania
OFF-AR-10003478,"Avery Hi-Liter EverBold Pen Style Fluorescent Highlighters, 4/Pack",Office Supplies,Art,39.072,0.2,9.768,South,North Carolina
OFF-AR-10003514,4009 Highlighters by Sanford,Office Supplies,Art,19.9,0.0,6.567,East,New York
OFF-AR-10003602,"Quartet Omega Colored Chalk, 12/Pack",Office Supplies,Art,14.016,0.2,4.7304,South,North Carolina
OFF-AR-10003651,Newell 350,Office Supplies,Art,9.84,0.0,2.8536,Central,Michigan
OFF-AR-10003732,Newell 333,Office Supplies,Art,5.56,0.0,1.4456,East,New York
OFF-AR-10004027,"Binney & Smith inkTank Erasable Desk Highlighter, Chisel Tip, Yellow, 12/Box",Office Supplies,Art,13.608,0.1,4.6872,East,Massachusetts
OFF-AR-10004042,"BOSTON Model 1800 Electric Pencil Sharpeners, Putty/Woodgrain",Office Supplies,Art,86.304,0.2,9.7092,East,Pennsylvania
OFF-AR-10004344,Bulldog Vacuum Base Pencil Sharpener,Office Supplies,Art,95.92,0.0,25.8984,West,California
OFF-AR-10004441,BIC Brite Liner Highlighters,Office Supplies,Art,9.936,0.2,2.7324,Central,Texas
OFF-AR-10004685,"Binney & Smith Crayola Metallic Colored Pencils, 8-Color Set",Office Supplies,Art,14.816,0.2,2.4076,Central,Illinois
OFF-AR-10004757,Crayola Colored Pencils,Office Supplies,Art,2.624,0.2,0.4264,East,Ohio
OFF-AR-10004930,Turquoise Lead Holder with Pocket Clip,Office Supplies,Art,20.1,0.0,6.633,West,California
OFF-AR-10004974,Newell 342,Office Supplies,Art,9.84,0.0,2.8536,East,New York
OFF-BI-10000050,"Angle-D Binders with Locking Rings, Label Holders",Office Supplies,Binders,23.36,0.2,7.884,East,New York
OFF-BI-10000309,"GBC Twin Loop Wire Binding Elements, 9/16"" Spine, Black",Office Supplies,Binders,12.176,0.8,-18.8728,Central,Texas
OFF-BI-10000315,Poly Designer Cover & Back,Office Supplies,Binders,28.485,0.7,-20.889,West,Arizona
OFF-BI-10000343,"Pressboard Covers with Storage Hooks, 9 1/2"" x 11"", Light Blue",Office Supplies,Binders,2.946,0.7,-2.2586,East,Pennsylvania
OFF-BI-10000474,Avery Recycled Flexi-View Covers for Binding Systems,Office Supplies,Binders,9.618,0.7,-7.0532,East,Pennsylvania
OFF-BI-10000756,Storex DuraTech Recycled Plastic Frosted Binders,Office Supplies,Binders,2.544,0.8,-3.816,Central,Texas
OFF-BI-10000773,Insertable Tab Post Binder Dividers,Office Supplies,Binders,4.812,0.7,-3.6892,South,Florida
OFF-BI-10000778,GBC VeloBinder Electric Binding Machine,Office Supplies,Binders,254.058,0.7,-169.372,South,Florida
OFF-BI-10001072,"GBC Clear Cover, 8-1/2 x 11, unpunched, 25 covers per pack",Office Supplies,Binders,45.48,0.0,20.9208,East,New Jersey
OFF-BI-10001078,"Acco PRESSTEX Data Binder with Storage Hooks, Dark Blue, 14 7/8"" X 11""",Office Supplies,Binders,25.824,0.2,9.3612,West,California
OFF-BI-10001098,Acco D-Ring Binder w/DublLock,Office Supplies,Binders,51.312,0.2,18.6006,West,Washington
OFF-BI-10001153,Ibico Recycled Grain-Textured Covers,Office Supplies,Binders,20.724,0.7,-13.816,East,Pennsylvania
OFF-BI-10001460,Plastic Binding Combs,Office Supplies,Binders,48.48,0.2,16.362,East,New York
OFF-BI-10001524,GBC Premium Transparent Covers with Diagonal Lined Pattern,Office Supplies,Binders,37.764,0.7,-27.6936,East,Pennsylvania
OFF-BI-10001525,"Acco Pressboard Covers with Storage Hooks, 14 7/8"" x 11"", Executive Red",Office Supplies,Binders,6.858,0.7,-5.715,East,Pennsylvania
OFF-BI-10001543,GBC VeloBinder Manual Binding System,Office Supplies,Binders,287.92,0.0,138.2016,Central,Michigan
OFF-BI-10001634,Wilson Jones Active Use Binders,Office Supplies,Binders,11.648,0.2,4.2224,West,California
OFF-BI-10001679,GBC Instant Index System for Binding Systems,Office Supplies,Binders,23.976,0.7,-15.984,South,Florida
OFF-BI-10001721,Trimflex Flexible Post Binders,Office Supplies,Binders,51.312,0.2,17.9592,West,California
OFF-BI-10001890,Avery Poly Binder Pockets,Office Supplies,Binders,7.16,0.0,3.4368,East,Connecticut
OFF-BI-10001922,Storex Dura Pro Binders,Office Supplies,Binders,4.752,0.2,1.6038,West,California
OFF-BI-10001982,Wilson Jones Custom Binder Spines & Labels,Office Supplies,Binders,13.056000000000001,0.7,-9.139199999999999,East,Arizona
OFF-BI-10002160,Acco Hanging Data Binders,Office Supplies,Binders,3.048,0.2,1.0668,East,New York
OFF-BI-10002194,Cardinal Hold-It CD Pocket,Office Supplies,Binders,4.788,0.8,-7.9002,Central,Illinois
OFF-BI-10002215,"Wilson Jones Hanging View Binder, White, 1""",Office Supplies,Binders,22.72,0.2,7.384,West,California
OFF-BI-10002225,"Square Ring Data Binders, Rigid 75 Pt. Covers, 11"" x 14-7/8""",Office Supplies,Binders,49.536,0.2,17.3376,West,California
OFF-BI-10002309,Avery Heavy-Duty EZD  Binder With Locking Rings,Office Supplies,Binders,16.74,0.0,8.0352,South,Alabama
OFF-BI-10002412,Wilson Jones Snap Scratch Pad Binder Tool for Ring Binders,Office Supplies,Binders,23.2,0.0,10.44,East,Connecticut
OFF-BI-10002498,Clear Mylar Reinforcing Strips,Office Supplies,Binders,119.616,0.2,40.3704,West,California
OFF-BI-10002557,Presstex Flexible Ring Binders,Office Supplies,Binders,10.92,0.2,4.095,West,California
OFF-BI-10002609,Avery Hidden Tab Dividers for Binding Systems,Office Supplies,Binders,1.788,0.8,-3.0396,Central,Illinois
OFF-BI-10002706,Avery Premier Heavy-Duty Binder with Round Locking Rings,Office Supplies,Binders,14.28,0.0,6.5688,East,New Jersey
OFF-BI-10002735,GBC Prestige Therm-A-Bind Covers,Office Supplies,Binders,171.55,0.0,80.6285,Central,Wisconsin
OFF-BI-10002794,"Avery Trapezoid Ring Binder, 3"" Capacity, Black, 1040 sheets",Office Supplies,Binders,36.882,0.7,-25.8174,West,Colorado
OFF-BI-10002852,Ibico Standard Transparent Covers,Office Supplies,Binders,52.736000000000004,0.35,2.3072000000000017,Central,Minnesota
OFF-BI-10003274,"Avery Durable Slant Ring Binders, No Labels",Office Supplies,Binders,18.308,0.35,5.6516,Central,Arizona
OFF-BI-10003291,Wilson Jones Leather-Like Binders with DublLock Round Rings,Office Supplies,Binders,17.46,0.0,8.2062,Central,Minnesota
OFF-BI-10003314,Tuff Stuff Recycled Round Ring Binders,Office Supplies,Binders,7.712,0.2,2.7956,West,California
OFF-BI-10003460,Acco 3-Hole Punch,Office Supplies,Binders,17.52,0.2,6.132,East,New York
OFF-BI-10003650,GBC DocuBind 300 Electric Binding Machine,Office Supplies,Binders,157.794,0.7,-115.7156,South,Tennessee
OFF-BI-10003656,Fellowes PB200 Plastic Comb Binding Machine,Office Supplies,Binders,917.946,0.44999999999999996,-275.3838,East,Pennsylvania
OFF-BI-10003910,DXL Angle-View Binders with Locking Rings by Samsill,Office Supplies,Binders,49.344,0.1,19.6605,East,California
OFF-BI-10003981,"Avery Durable Plastic 1"" Binders",Office Supplies,Binders,27.24,0.0,13.3476,Central,Iowa
OFF-BI-10003982,Wilson Jones Century Plastic Molded Ring Binders,Office Supplies,Binders,12.462,0.8,-20.5623,Central,Illinois
OFF-BI-10004002,Wilson Jones International Size A4 Ring Binders,Office Supplies,Binders,27.68,0.2,9.688,West,Washington
OFF-BI-10004140,Avery Non-Stick Binders,Office Supplies,Binders,14.368,0.2,4.49,West,California
OFF-BI-10004182,Economy Binders,Office Supplies,Binders,1.248,0.8,-1.9344,Central,Texas
OFF-BI-10004410,"C-Line Peel & Stick Add-On Filing Pockets, 8-3/4 x 5-1/8, 10/Pack",Office Supplies,Binders,38.22,0.0,17.9634,Central,Indiana
OFF-BI-10004492,Tuf-Vin Binders,Office Supplies,Binders,75.792,0.2,25.5798,West,Nevada
OFF-BI-10004584,GBC ProClick 150 Presentation Binding System,Office Supplies,Binders,189.588,0.7,-145.3508,South,North Carolina
OFF-BI-10004593,Ibico Laser Imprintable Binding System Covers,Office Supplies,Binders,330.12,0.44999999999999996,18.863999999999997,West,California
OFF-BI-10004654,Avery Binding System Hidden Tab Executive Style Index Sets,Office Supplies,Binders,4.616,0.2,1.731,East,New York
OFF-BI-10004738,Flexible Leather- Look Classic Collection Ring Binder,Office Supplies,Binders,5.682,0.7,-3.788,West,Oregon
OFF-BI-10004781,GBC Wire Binding Strips,Office Supplies,Binders,76.176,0.2,26.6616,West,California
OFF-BI-10004967,Round Ring Binders,Office Supplies,Binders,2.08,0.8,-3.432,Central,Texas
OFF-BI-10004995,GBC DocuBind P400 Electric Binding System,Office Supplies,Binders,4355.168,0.2,1415.4296,East,New York
OFF-EN-10000483,"White Envelopes, White Envelopes with Clear Poly Window",Office Supplies,Envelopes,15.25,0.0,7.015,West,California
OFF-EN-10000927,Jet-Pak Recycled Peel 'N' Seal Padded Mailers,Office Supplies,Envelopes,200.984,0.2,62.8075,South,North Carolina
OFF-EN-10001137,"#10 Gummed Flap White Envelopes, 100/Box",Office Supplies,Envelopes,8.26,0.0,3.7996,East,New York
OFF-EN-10001415,Staple envelope,Office Supplies,Envelopes,8.928,0.2,3.348,Central,Illinois
OFF-EN-10001434,"Strathmore #10 Envelopes, Ultimate White",Office Supplies,Envelopes,105.42,0.0,51.6558,South,Arkansas
OFF-EN-10001509,Poly String Tie Envelopes,Office Supplies,Envelopes,17.544,0.1,7.8132,East,California
OFF-EN-10001990,Staple envelope,Office Supplies,Envelopes,28.4,0.0,13.348,West,New Mexico
OFF-EN-10002500,Globe Weis Peel & Seel First Class Envelopes,Office Supplies,Envelopes,115.02,0.0,51.759,East,Delaware
OFF-EN-10002504,"Tyvek  Top-Opening Peel & Seel Envelopes, Plain White",Office Supplies,Envelopes,130.464,0.2,44.0316,East,Ohio
OFF-EN-10002600,"Redi-Strip #10 Envelopes, 4 1/8 x 9 1/2",Office Supplies,Envelopes,4.72,0.2,1.652,East,Ohio
OFF-EN-10002986,"#10-4 1/8"" x 9 1/2"" Premium Diagonal Seam Envelopes",Office Supplies,Envelopes,113.328,0.2,35.415,Central,Texas
OFF-EN-10003296,Tyvek Side-Opening Peel & Seel Expanding Envelopes,Office Supplies,Envelopes,361.92,0.0,162.864,East,New York
OFF-EN-10003845,Colored Envelopes,Office Supplies,Envelopes,11.07,0.0,5.0922,East,New York
OFF-EN-10004030,Convenience Packs of Business Envelopes,Office Supplies,Envelopes,10.86,0.0,5.1042,West,California
OFF-EN-10004386,"Recycled Interoffice Envelopes with String and Button Closure, 10 x 13",Office Supplies,Envelopes,57.576,0.2,21.591,East,Ohio
OFF-FA-10000134,"Advantus Push Pins, Aluminum Head",Office Supplies,Fasteners,52.29,0.0,16.2099,Central,Michigan
OFF-FA-10000304,Advantus Push Pins,Office Supplies,Fasteners,15.26,0.0,6.2566,East,New York
OFF-FA-10000490,"OIC Binder Clips, Mini, 1/4"" Capacity, Black",Office Supplies,Fasteners,4.96,0.0,2.3312,West,Utah
OFF-FA-10000585,OIC Bulk Pack Metal Binder Clips,Office Supplies,Fasteners,5.584,0.2,1.8148,East,Ohio
OFF-FA-10000621,"OIC Colored Binder Clips, Assorted Sizes",Office Supplies,Fasteners,40.096,0.2,14.5348,East,Ohio
OFF-FA-10000624,OIC Binder Clips,Office Supplies,Fasteners,7.16,0.0,3.58,West,California
OFF-FA-10002780,Staples,Office Supplies,Fasteners,52.448,0.2,17.0456,East,Ohio
OFF-FA-10002983,Advantus SlideClip Paper Clips,Office Supplies,Fasteners,19.096,0.2,6.6836,East,Ohio
OFF-FA-10002988,Ideal Clamps,Office Supplies,Fasteners,4.02,0.0,1.9698,West,California
OFF-FA-10003472,Bagged Rubber Bands,Office Supplies,Fasteners,7.56,0.0,0.3024,East,New Jersey
OFF-FA-10004854,"Vinyl Coated Wire Paper Clips in Organizer Box, 800/Box",Office Supplies,Fasteners,27.552,0.2,9.2988,West,Colorado
OFF-LA-10000134,Avery 511,Office Supplies,Labels,6.16,0.0,2.9568,Central,Minnesota
OFF-LA-10000240,Self-Adhesive Address Labels for Typewriters by Universal,Office Supplies,Labels,14.62,0.0,6.8714,West,California
OFF-LA-10000634,Avery 509,Office Supplies,Labels,6.264,0.2,2.0358,West,Colorado
OFF-LA-10001074,Round Specialty Laser Printer Labels,Office Supplies,Labels,100.24,0.2,33.831,East,Pennsylvania
OFF-LA-10001158,"Avery Address/Shipping Labels for Typewriters, 4"" x 2""",Office Supplies,Labels,41.4,0.0,19.872,East,Georgia
OFF-LA-10001317,Avery 520,Office Supplies,Labels,22.05,0.0,10.584,Central,Michigan
OFF-LA-10002043,Avery 489,Office Supplies,Labels,24.84,0.2,8.694,East,Pennsylvania
OFF-LA-10002475,Avery 519,Office Supplies,Labels,14.62,0.0,6.8714,Central,Oklahoma
OFF-LA-10002762,Avery 485,Office Supplies,Labels,75.18,0.0,35.3346,Central,Indiana
OFF-LA-10003148,Avery 51,Office Supplies,Labels,20.16,0.2,6.552,Central,Illinois
OFF-LA-10003766,Self-Adhesive Removable Labels,Office Supplies,Labels,28.35,0.0,13.608,West,California
OFF-LA-10003923,Alphabetical Labels for Top Tab Filing,Office Supplies,Labels,29.6,0.0,14.8,West,California
OFF-LA-10004544,Avery 505,Office Supplies,Labels,23.68,0.2,8.88,East,Ohio
OFF-LA-10004689,Avery 512,Office Supplies,Labels,18.496,0.2,6.2424,East,Ohio
OFF-PA-10000061,Xerox 205,Office Supplies,Paper,77.76,0.0,37.324799999999996,Central,Minnesota
OFF-PA-10000157,Xerox 191,Office Supplies,Paper,139.86,0.0,65.7342,West,Washington
OFF-PA-10000249,Easy-staple paper,Office Supplies,Paper,54.032,0.1,21.490000000000002,Central,Massachusetts
OFF-PA-10000304,Xerox 1995,Office Supplies,Paper,6.48,0.0,3.1104,West,California
OFF-PA-10000474,Easy-staple paper,Office Supplies,Paper,141.76,0.2,47.844,West,Oregon
OFF-PA-10000482,"Snap-A-Way Black Print Carbonless Ruled Speed Letter, Triplicate",Office Supplies,Paper,75.88,0.0,35.6636,South,Virginia
OFF-PA-10000587,"Array Parchment Paper, Assorted Colors",Office Supplies,Paper,14.56,0.0,6.9888,East,New York
OFF-PA-10000659,"Adams Phone Message Book, Professional, 400 Message Capacity, 5 3/6 x 11",Office Supplies,Paper,20.94,0.0,9.8418,West,California
OFF-PA-10000673,"Post-it Important Message Note Pad, Neon Colors, 50 Sheets/Pad",Office Supplies,Paper,11.648,0.2,4.0768,East,Pennsylvania
OFF-PA-10001144,Xerox 1913,Office Supplies,Paper,110.96,0.0,53.2608,West,California
OFF-PA-10001509,"Recycled Desk Saver Line ""While You Were Out"" Book, 5 1/2"" X 4""",Office Supplies,Paper,62.65,0.0,28.819,West,California
OFF-PA-10001569,Xerox 232,Office Supplies,Paper,32.4,0.0,15.552,East,New York
OFF-PA-10001736,Xerox 1880,Office Supplies,Paper,35.44,0.0,16.6568,West,California
OFF-PA-10001804,Xerox 195,Office Supplies,Paper,20.04,0.0,9.6192,West,California
OFF-PA-10001937,Xerox 21,Office Supplies,Paper,15.552,0.2,5.4432,South,Florida
OFF-PA-10001947,Xerox 1974,Office Supplies,Paper,9.568,0.2,3.4684,South,Florida
OFF-PA-10001950,Southworth 25% Cotton Antique Laid Paper & Envelopes,Office Supplies,Paper,78.396,0.1,32.526,Central,California
OFF-PA-10001970,Xerox 1881,Office Supplies,Paper,443.148,0.05,175.6992,East,New York
OFF-PA-10002036,Xerox 1930,Office Supplies,Paper,25.92,0.2,9.396,Central,Texas
OFF-PA-10002105,Xerox 223,Office Supplies,Paper,32.4,0.0,15.552,East,New Jersey
OFF-PA-10002222,"Xerox Color Copier Paper, 11"" x 17"", Ream",Office Supplies,Paper,91.36,0.0,42.0256,Central,Michigan
OFF-PA-10002230,Xerox 1897,Office Supplies,Paper,31.872,0.2,11.5536,Central,Texas
OFF-PA-10002254,Xerox 1883,Office Supplies,Paper,105.52,0.0,48.5392,West,California
OFF-PA-10002365,Xerox 1967,Office Supplies,Paper,15.552,0.2,5.4432,South,North Carolina
OFF-PA-10002377,Xerox 1916,Office Supplies,Paper,78.304,0.2,29.364,East,Ohio
OFF-PA-10002479,Xerox 4200 Series MultiUse Premium Copy Paper (20Lb. and 84 Bright),Office Supplies,Paper,10.56,0.0,4.752,West,California
OFF-PA-10002552,Xerox 1958,Office Supplies,Paper,12.96,0.0,6.2208,East,Rhode Island
OFF-PA-10002615,"Ampad Gold Fibre Wirebound Steno Books, 6"" x 9"", Gregg Ruled",Office Supplies,Paper,8.82,0.0,4.0572,West,California
OFF-PA-10002666,Southworth 25% Cotton Linen-Finish Paper & Envelopes,Office Supplies,Paper,57.984,0.2,18.119999999999997,East,North Carolina
OFF-PA-10002713,"Adams Phone Message Book, 200 Message Capacity, 8 1/16 x 11",Office Supplies,Paper,34.4,0.0,15.824,East,New York
OFF-PA-10002749,"Wirebound Message Books, 5-1/2 x 4 Forms, 2 or 4 Forms per Page",Office Supplies,Paper,16.056,0.2,5.8203,East,Pennsylvania
OFF-PA-10002751,Xerox 1920,Office Supplies,Paper,5.98,0.0,2.691,West,California
OFF-PA-10002893,"Wirebound Service Call Books, 5 1/2"" x 4""",Office Supplies,Paper,9.68,0.0,4.6464,West,California
OFF-PA-10003039,Xerox 1960,Office Supplies,Paper,99.136,0.2,30.98,Central,Illinois
OFF-PA-10003177,Xerox 1999,Office Supplies,Paper,12.96,0.0,6.2208,Central,Minnesota
OFF-PA-10003256,Avery Personal Creations Heavyweight Cards,Office Supplies,Paper,64.624,0.2,22.6184,Central,Illinois
OFF-PA-10003349,Xerox 1957,Office Supplies,Paper,25.92,0.2,9.396,Central,Illinois
OFF-PA-10003465,Xerox 1912,Office Supplies,Paper,94.85,0.0,45.528,West,California
OFF-PA-10003724,"Wirebound Message Book, 4 per Page",Office Supplies,Paper,27.15,0.0,13.3035,West,California
OFF-PA-10003845,Xerox 1987,Office Supplies,Paper,5.78,0.0,2.8322,South,Kentucky
OFF-PA-10003892,Xerox 1943,Office Supplies,Paper,146.73,0.0,68.9631,West,California
OFF-PA-10004000,"While You Were Out Pads, 50 per Pad, 4 x 5 1/4, Green Cycle",Office Supplies,Paper,22.704,0.2,8.2302,East,Ohio
OFF-PA-10004040,Universal Premium White Copier/Laser Paper (20Lb. and 87 Bright),Office Supplies,Paper,23.92,0.0,11.7208,Central,Minnesota
OFF-PA-10004071,"Eaton Premium Continuous-Feed Paper, 25% Cotton, Letter Size, White, 1000 Shts/Box",Office Supplies,Paper,55.48,0.0,26.6304,East,New York
OFF-PA-10004082,"Adams Telephone Message Book w/Frequently-Called Numbers Space, 400 Messages per Book",Office Supplies,Paper,47.88,0.0,23.94,Central,Minnesota
OFF-PA-10004100,Xerox 216,Office Supplies,Paper,31.104,0.2,10.8864,West,Oregon
OFF-PA-10004243,Xerox 1939,Office Supplies,Paper,56.91,0.0,27.3168,East,New Jersey
OFF-PA-10004327,Xerox 1911,Office Supplies,Paper,143.7,0.0,68.976,West,California
OFF-PA-10004470,"Adams Write n' Stick Phone Message Book, 11"" X 5 1/4"", 200 Messages",Office Supplies,Paper,18.176,0.2,5.9072,East,Pennsylvania
OFF-PA-10004569,"Wirebound Message Books, Two 4 1/4"" x 5"" Forms per Page",Office Supplies,Paper,7.61,0.0,3.5767,West,California
OFF-PA-10004675,"Telephone Message Books with Fax/Mobile Section, 5 1/2"" x 3 3/16""",Office Supplies,Paper,19.05,0.0,8.763,Central,Michigan
OFF-PA-10004734,Southworth Structures Collection,Office Supplies,Paper,50.96,0.0,25.48,West,California
OFF-PA-10004965,Xerox 1921,Office Supplies,Paper,23.976,0.2,7.4925,East,Ohio
OFF-ST-10000060,Fellowes Bankers Box Staxonsteel Drawer File/Stacking System,Office Supplies,Storage,194.94,0.0,23.3928,Central,Michigan
OFF-ST-10000107,Fellowes Super Stor/Drawer,Office Supplies,Storage,144.3,0.1,7.77,Central,Texas
OFF-ST-10000142,Deluxe Rollaway Locking File with Drawer,Office Supplies,Storage,665.408,0.2,66.5408,East,Ohio
OFF-ST-10000604,Home/Office Personal File Carts,Office Supplies,Storage,208.56,0.0,52.14,East,New York
OFF-ST-10000615,"SimpliFile Personal File, Black Granite, 15w x 6-15/16d x 11-1/4h",Office Supplies,Storage,27.24,0.2,2.724,Central,Texas
OFF-ST-10000617,Woodgrain Magazine Files by Perma,Office Supplies,Storage,4.768,0.2,-0.7748,South,North Carolina
OFF-ST-10000642,"Tennsco Lockers, Gray",Office Supplies,Storage,83.92,0.0,5.8744,Central,Michigan
OFF-ST-10000675,"File Shuttle II and Handi-File, Black",Office Supplies,Storage,54.224,0.2,3.389,East,Pennsylvania
OFF-ST-10000689,"Fellowes Strictly Business Drawer File, Letter/Legal Size",Office Supplies,Storage,704.25,0.0,84.51,East,New York
OFF-ST-10000760,Eldon Fold 'N Roll Cart System,Office Supplies,Storage,22.368,0.2,2.5164,South,Florida
OFF-ST-10000777,"Companion Letter/Legal File, Black",Office Supplies,Storage,226.56,0.0,63.4368,East,Delaware
OFF-ST-10000798,2300 Heavy-Duty Transfer File Systems by Perma,Office Supplies,Storage,49.96,0.0,9.4924,East,Rhode Island
OFF-ST-10000876,Eldon Simplefile Box Office,Office Supplies,Storage,59.712,0.2,5.9712,East,Pennsylvania
OFF-ST-10000918,Crate-A-Files,Office Supplies,Storage,32.7,0.0,8.502,East,Massachusetts
OFF-ST-10000934,"Contico 72""H Heavy-Duty Storage System",Office Supplies,Storage,131.136,0.2,-32.784,Central,Texas
OFF-ST-10000991,Space Solutions HD Industrial Steel Shelving.,Office Supplies,Storage,275.928,0.2,-58.6347,Central,Texas
OFF-ST-10001228,"Fellowes Personal Hanging Folder Files, Navy",Office Supplies,Storage,80.58,0.0,22.5624,East,New York
OFF-ST-10001321,"Decoflex Hanging Personal Folder File, Blue",Office Supplies,Storage,92.52,0.0,24.9804,West,California
OFF-ST-10001328,"Personal Filing Tote with Lid, Black/Gray",Office Supplies,Storage,130.284,0.1,29.7792,Central,California
OFF-ST-10001414,Decoflex Hanging Personal Folder File,Office Supplies,Storage,46.26,0.0,12.0276,East,New Jersey
OFF-ST-10001469,Fellowes Bankers Box Recycled Super Stor/Drawer,Office Supplies,Storage,161.94,0.0,9.7164,East,New York
OFF-ST-10001522,"Gould Plastics 18-Pocket Panel Bin, 34w x 5-1/4d x 20-1/2h",Office Supplies,Storage,91.99,0.0,3.6796,Central,Michigan
OFF-ST-10001580,Super Decoflex Portable Personal File,Office Supplies,Storage,35.952,0.2,3.5952,Central,Texas
OFF-ST-10001590,"Tenex Personal Project File with Scoop Front Design, Black",Office Supplies,Storage,134.8,0.1,25.0728,Central,California
OFF-ST-10001713,"Gould Plastics 9-Pocket Panel Bin, 18-3/8w x 5-1/4d x 20-1/2h, Black",Office Supplies,Storage,423.92,0.0,16.9568,Central,California
OFF-ST-10001809,Fellowes Officeware Wire Shelving,Office Supplies,Storage,449.15,0.0,8.983,East,New York
OFF-ST-10002205,File Shuttle I and Handi-File,Office Supplies,Storage,53.424,0.2,4.6746,Central,Texas
OFF-ST-10002276,Safco Steel Mobile File Cart,Office Supplies,Storage,166.72,0.0,41.68,Central,Minnesota
OFF-ST-10002370,"Sortfiler Multipurpose Personal File Organizer, Black",Office Supplies,Storage,21.39,0.0,6.2031,West,California
OFF-ST-10002406,Pizazz Global Quick File,Office Supplies,Storage,104.79,0.0,29.3412,East,Connecticut
OFF-ST-10002485,Rogers Deluxe File Chest,Office Supplies,Storage,21.98,0.0,0.2198,Central,Michigan
OFF-ST-10002743,SAFCO Boltless Steel Shelving,Office Supplies,Storage,340.92,0.0,3.4092,West,California
OFF-ST-10002756,"Tennsco Stur-D-Stor Boltless Shelving, 5 Shelves, 24"" Deep, Sand",Office Supplies,Storage,1082.48,0.0,10.8248,East,New Jersey
OFF-ST-10002790,Safco Industrial Shelving,Office Supplies,Storage,221.55,0.0,6.6465,East,New York
OFF-ST-10002974,"Trav-L-File Heavy-Duty Shuttle II, Black",Office Supplies,Storage,287.562,0.1,43.57,East,Arizona
OFF-ST-10003058,Eldon Mobile Mega Data Cart  Mega Stackable  Add-On Trays,Office Supplies,Storage,70.95,0.0,20.5755,Central,Michigan
OFF-ST-10003208,Adjustable Depth Letter/Legal Cart,Office Supplies,Storage,725.84,0.0,210.4936,West,California
OFF-ST-10003282,"Advantus 10-Drawer Portable Organizer, Chrome Metal Frame, Smoke Drawers",Office Supplies,Storage,95.616,0.2,9.5616,South,Florida
OFF-ST-10003306,Letter Size Cart,Office Supplies,Storage,714.3,0.0,207.147,East,Massachusetts
OFF-ST-10003327,Akro-Mils 12-Gallon Tote,Office Supplies,Storage,23.832,0.2,2.6811,Central,Texas
OFF-ST-10003442,Eldon Portable Mobile Manager,Office Supplies,Storage,158.368,0.2,13.8572,Central,Texas
OFF-ST-10003455,"Tenex File Box, Personal Filing Tote with Lid, Black",Office Supplies,Storage,24.816,0.2,1.8612,Central,Illinois
OFF-ST-10003479,"Eldon Base for stackable storage shelf, platinum",Office Supplies,Storage,77.88,0.0,3.894,West,California
OFF-ST-10003656,Safco Industrial Wire Shelving,Office Supplies,Storage,902.3059999999999,0.1,-28.797,Central,California
OFF-ST-10004123,Safco Industrial Wire Shelving System,Office Supplies,Storage,72.784,0.2,-18.196,South,Tennessee
OFF-ST-10004180,Safco Commercial Shelving,Office Supplies,Storage,37.208,0.2,-7.4416,East,Ohio
OFF-ST-10004186,"Stur-D-Stor Shelving, Vertical 5-Shelf: 72""H x 36""W x 18 1/2""D",Office Supplies,Storage,665.88,0.0,13.3176,Central,Wisconsin
OFF-ST-10004804,"Belkin 19"" Vented Equipment Shelf, Black",Office Supplies,Storage,82.368,0.2,-19.5624,Central,Illinois
OFF-SU-10000646,Premier Automatic Letter Opener,Office Supplies,Supplies,961.48,0.2,-204.3145,South,Florida
OFF-SU-10001218,Fiskars Softgrip Scissors,Office Supplies,Supplies,65.88,0.0,18.4464,West,California
OFF-SU-10001225,Staple remover,Office Supplies,Supplies,7.36,0.0,0.1472,East,Connecticut
OFF-SU-10002189,Acme Rosewood Handle Letter Opener,Office Supplies,Supplies,15.88,0.2,-3.7715,East,Ohio
OFF-SU-10002573,"Acme 10"" Easy Grip Assistive Scissors",Office Supplies,Supplies,70.12,0.0,21.036,Central,Michigan
OFF-SU-10003505,Premier Electric Letter Opener,Office Supplies,Supplies,185.376,0.2,-34.758,West,Arizona
TEC-AC-10000109,Sony Micro Vault Click 16 GB USB 2.0 Flash Drive,Technology,Accessories,89.584,0.2,4.4792,East,Ohio
TEC-AC-10000158,Sony 64GB Class 10 Micro SDHC R40 Memory Card,Technology,Accessories,237.534,0.1,38.509299999999996,Central,California
TEC-AC-10000171,"Verbatim 25 GB 6x Blu-ray Single Layer Recordable Disc, 25/Pack",Technology,Accessories,45.98,0.0,19.7714,Central,Minnesota
TEC-AC-10000290,Sabrent 4-Port USB 2.0 Hub,Technology,Accessories,27.16,0.0,9.2344,East,New York
TEC-AC-10000303,Logitech M510 Wireless Mouse,Technology,Accessories,63.984,0.2,10.3974,Central,Texas
TEC-AC-10000844,Logitech Gaming G510s - Keyboard,Technology,Accessories,339.96,0.2,67.992,Central,Illinois
TEC-AC-10000892,NETGEAR N750 Dual Band Wi-Fi Gigabit Router,Technology,Accessories,360.0,0.0,129.6,East,New York
TEC-AC-10000991,Sony Micro Vault Click 8 GB USB 2.0 Flash Drive,Technology,Accessories,93.98,0.0,13.1572,West,Washington
TEC-AC-10001266,Memorex Micro Travel Drive 8 GB,Technology,Accessories,20.8,0.2,6.5,Central,Texas
TEC-AC-10001445,Imation USB 2.0 Swivel Flash Drive USB flash drive - 4 GB - Pink,Technology,Accessories,9.09,0.0,1.9089,West,California
TEC-AC-10001552,Logitech K350 2.4Ghz Wireless Keyboard,Technology,Accessories,238.896,0.2,-26.8758,West,Colorado
TEC-AC-10001767,SanDisk Ultra 64 GB MicroSDHC Class 10 Memory Card,Technology,Accessories,95.976,0.2,-10.7973,Central,Illinois
TEC-AC-10001772,Memorex Mini Travel Drive 16 GB USB 2.0 Flash Drive,Technology,Accessories,63.88,0.0,24.9132,Central,Oklahoma
TEC-AC-10001908,Logitech Wireless Headset h800,Technology,Accessories,99.99,0.0,34.9965,West,California
TEC-AC-10001956,Microsoft Arc Touch Mouse,Technology,Accessories,239.8,0.2,47.96,West,Oregon
TEC-AC-10001998,Logitech LS21 Speaker System - PC Multimedia - 2.1-CH - Wired,Technology,Accessories,59.97,0.0,20.3898,Central,Minnesota
TEC-AC-10002001,Logitech Wireless Gaming Headset G930,Technology,Accessories,255.984,0.2,54.3966,East,Ohio
TEC-AC-10002076,Microsoft Natural Keyboard Elite,Technology,Accessories,479.04,0.2,-29.94,West,Arizona
TEC-AC-10002167,Imation 8gb Micro Traveldrive Usb 2.0 Flash Drive,Technology,Accessories,75.0,0.0,8.25,East,Delaware
TEC-AC-10002323,SanDisk Ultra 32 GB MicroSDHC Class 10 Memory Card,Technology,Accessories,176.8,0.0,22.984,West,California
TEC-AC-10002335,Logitech Media Keyboard K200,Technology,Accessories,83.976,0.2,-1.0497,South,Florida
TEC-AC-10002345,HP Standard 104 key PS/2 Keyboard,Technology,Accessories,29.0,0.0,7.25,South,Louisiana
TEC-AC-10002567,Logitech G602 Wireless Gaming Mouse,Technology,Accessories,159.98,0.0,57.5928,East,New York
TEC-AC-10002600,Belkin QODE FastFit Bluetooth Keyboard,Technology,Accessories,247.8,0.2,-18.585,South,Florida
TEC-AC-10003027,Imation 8GB Mini TravelDrive USB 2.0 Flash Drive,Technology,Accessories,90.57,0.0,11.7741,West,California
TEC-AC-10003499,Memorex Mini Travel Drive 8 GB USB 2.0 Flash Drive,Technology,Accessories,74.112,0.2,17.6016,South,North Carolina
TEC-AC-10003628,Logitech 910-002974 M325 Wireless Mouse for Web Scrolling,Technology,Accessories,209.93,0.0,92.3692,West,California
TEC-AC-10003657,Lenovo 17-Key USB Numeric Keypad,Technology,Accessories,54.384,0.2,1.3596,East,Pennsylvania
TEC-AC-10003832,Logitech P710e Mobile Speakerphone,Technology,Accessories,3965.346,0.1,628.2756,South,California
TEC-AC-10003911,NETGEAR AC1750 Dual Band Gigabit Smart WiFi Router,Technology,Accessories,1023.936,0.2,179.1888,West,Arizona
TEC-AC-10004114,KeyTronic 6101 Series - Keyboard - Black,Technology,Accessories,196.752,0.2,56.5662,West,Colorado
TEC-AC-10004469,Microsoft Sculpt Comfort Mouse,Technology,Accessories,79.9,0.0,35.156,West,California
TEC-AC-10004571,Logitech G700s Rechargeable Gaming Mouse,Technology,Accessories,899.91,0.0,377.9622,West,Washington
TEC-AC-10004633,"Verbatim 25 GB 6x Blu-ray Single Layer Recordable Disc, 3/Pack",Technology,Accessories,13.98,0.0,6.1512,West,California
TEC-AC-10004659,Imation Secure+ Hardware Encrypted USB 2.0 Flash Drive; 16GB,Technology,Accessories,1109.448,0.20000000000000004,208.0215,South,North Carolina
TEC-AC-10004708,Sony 32GB Class 10 Micro SDHC R40 Memory Card,Technology,Accessories,41.9,0.0,8.799,Central,Michigan
TEC-CO-10001449,Hewlett Packard LaserJet 3310 Copier,Technology,Copiers,959.984,0.2,335.9944,West,California
TEC-CO-10002313,Canon PC1080F Personal Copier,Technology,Copiers,1799.97,0.0,701.9883,West,Washington
TEC-CO-10004115,Sharp AL-1530CS Digital Copier,Technology,Copiers,1199.976,0.2,434.9913,West,California
TEC-MA-10000029,"Epson WorkForce WF-2530 All-in-One Printer, Copier Scanner",Technology,Machines,69.99,0.0,30.0957,East,New York
TEC-MA-10000822,Lexmark MX611dhe Monochrome Laser Printer,Technology,Machines,11219.934000000001,0.4,-1869.989,Central,Texas
TEC-MA-10000864,Cisco 9971 IP Video Phone Charcoal,Technology,Machines,1188.0,0.7,-950.4,East,Ohio
TEC-MA-10001148,Swingline SM12-08 MicroCut Jam Free Shredder,Technology,Machines,479.988,0.7,-383.9904,East,Ohio
TEC-MA-10001681,Lexmark MarkNet N8150 Wireless Print Server,Technology,Machines,482.34,0.7,-337.638,East,Pennsylvania
TEC-MA-10002927,Canon imageCLASS MF7460 Monochrome Digital Laser Multifunction Copier,Technology,Machines,3991.98,0.0,1995.99,East,New York
TEC-MA-10002937,"Canon Color ImageCLASS MF8580Cdw Wireless Laser All-In-One Printer, Copier, Scanner",Technology,Machines,1007.979,0.3,43.1991,Central,Illinois
TEC-MA-10003353,Xerox WorkCentre 6505DN Laser Multifunction Printer,Technology,Machines,2519.958,0.4,-251.9958,Central,Texas
TEC-PH-10000011,PureGear Roll-On Screen Protector,Technology,Phones,31.984,0.2,11.1944,Central,Illinois
TEC-PH-10000149,Cisco SPA525G2 IP Phone - Wireless,Technology,Phones,95.76,0.2,7.182,West,California
TEC-PH-10000215,Plantronics Cordless Phone Headset with In-line Volume - M214C,Technology,Phones,384.45,0.0,103.8015,Central,Wisconsin
TEC-PH-10000376,Square Credit Card Reader,Technology,Phones,7.992,0.2,0.5994,Central,Texas
TEC-PH-10000486,Plantronics HL10 Handset Lifter,Technology,Phones,371.168,0.2,41.7564,Central,Texas
TEC-PH-10000702,"Square Credit Card Reader, 4 1/2"" x 4 1/2"" x 1"", White",Technology,Phones,71.928,0.4,8.3916,East,Pennsylvania
TEC-PH-10001254,Jabra BIZ 2300 Duo QD Duo Corded Headset,Technology,Phones,203.184,0.2,15.2388,West,Arizona
TEC-PH-10001363,Apple iPhone 5S,Technology,Phones,2735.952,0.2,341.994,Central,Illinois
TEC-PH-10001433,Cisco Small Business SPA 502G VoIP phone,Technology,Phones,328.224,0.2,28.7196,Central,Illinois
TEC-PH-10001448,Anker Astro 15000mAh USB Portable Charger,Technology,Phones,149.97,0.0,5.9988,Central,Wisconsin
TEC-PH-10001552,I Need's 3d Hello Kitty Hybrid Silicone Case Cover for HTC One X 4g with 3d Hello Kitty Stylus Pen Green/pink,Technology,Phones,71.76,0.0,20.0928,East,New York
TEC-PH-10001580,Logitech Mobile Speakerphone P710e - speaker phone,Technology,Phones,647.904,0.2,56.6916,Central,Illinois
TEC-PH-10001700,Panasonic KX-TG6844B Expandable Digital Cordless Telephone,Technology,Phones,131.98,0.0,35.6346,Central,Michigan
TEC-PH-10001760,Bose SoundLink Bluetooth Speaker,Technology,Phones,1114.4,0.2,376.11,Central,Texas
TEC-PH-10001918,Nortel Business Series Terminal T7208 Digital phone,Technology,Phones,444.768,0.2,44.4768,West,California
TEC-PH-10001924,iHome FM Clock Radio with Lightning Dock,Technology,Phones,279.96,0.2,17.4975,West,California
TEC-PH-10001949,Cisco SPA 501G IP Phone,Technology,Phones,213.48,0.2,16.011,West,California
TEC-PH-10002033,Konftel 250 Conference phone - Charcoal black,Technology,Phones,911.424,0.2,68.3568,West,California
TEC-PH-10002275,Mitel 5320 IP Phone VoIP phone,Technology,Phones,907.152,0.2,90.7152,West,California
TEC-PH-10002293,Anker 36W 4-Port USB Wall Charger Travel Power Adapter for iPhone 5s 5c 5,Technology,Phones,107.946,0.30000000000000004,-7.1964,East,California
TEC-PH-10002365,Belkin Grip Candy Sheer Case / Cover for iPhone 5 and 5S,Technology,Phones,35.12,0.0,9.1312,East,New York
TEC-PH-10002398,AT&T 1070 Corded Phone,Technology,Phones,178.384,0.2,22.298,South,Florida
TEC-PH-10002447,AT&T CL83451 4-Handset Telephone,Technology,Phones,1029.95,0.0,298.6855,East,New York
TEC-PH-10002563,Adtran 1202752G1,Technology,Phones,302.376,0.2,22.6782,West,California
TEC-PH-10002680,Samsung Galaxy Note 3,Technology,Phones,703.968,0.2,87.996,West,California
TEC-PH-10002726,netTALK DUO VoIP Telephone Service,Technology,Phones,167.968,0.2,62.988,West,Arizona
TEC-PH-10002844,Speck Products Candyshell Flip Case,Technology,Phones,90.974,0.30000000000000004,-12.5964,East,North Carolina
TEC-PH-10003012,Nortel Meridian M3904 Professional Digital phone,Technology,Phones,246.384,0.2,27.7182,West,Washington
TEC-PH-10003273,AT&T TR1909W,Technology,Phones,503.96,0.0,131.0296,South,Louisiana
TEC-PH-10003645,Aastra 57i VoIP phone,Technology,Phones,290.898,0.4,-67.8762,East,Pennsylvania
TEC-PH-10003875,KLD Oscar II Style Snap-on Ultra Thin Side Flip Synthetic Leather Cover Case for HTC One HTC M7,Technology,Phones,68.04,0.0,19.7316,East,Delaware
TEC-PH-10003931,JBL Micro Wireless Portable Bluetooth Speaker,Technology,Phones,143.976,0.2,8.9985,Central,Texas
TEC-PH-10003988,"LF Elite 3D Dazzle Designer Hard Case Cover, Lf Stylus Pen and Wiper For Apple Iphone 5c Mini Lite",Technology,Phones,21.8,0.0,6.104,East,Delaware
TEC-PH-10004093,Panasonic Kx-TS550,Technology,Phones,496.692,0.13333333333333333,104.8572,Central,California
TEC-PH-10004536,Avaya 5420 Digital phone,Technology,Phones,944.93,0.0,236.2325,Central,Oklahoma
TEC-PH-10004614,AT&T 841000 Phone,Technology,Phones,82.8,0.4,-20.7,East,Pennsylvania
TEC-PH-10004896,Nokia Lumia 521 (T-Mobile),Technology,Phones,149.95,0.0,41.986,South,Louisiana
TEC-PH-10004977,GE 30524EE4,Technology,Phones,1097.544,0.2,123.4737,Central,Texas
